5988,Cooked sweetcorn,1,NA,NA
5982,Watermelon,1,NA,NA
5980,Calquat fruit,1,NA,NA
5986,Sweetcorn,1,NA,NA
5984,Watermelon slice,1,NA,NA
12441,Musketeer tabard,1,NA,NA
6794,Choc-ice,1,NA,NA
272,Fish food,0,NA,NA
273,Poison,0,NA,NA
2142,Cooked meat,0,NA,NA
99,Ranarr potion (unf),1,NA,NA
91,Guam potion (unf),1,NA,NA
93,Marrentill potion (unf),1,NA,NA
95,Tarromin potion (unf),1,NA,NA
97,Harralander potion (unf),1,NA,NA
13058,Bandos rune armour set (sk),0,NA,NA
13052,Armadyl rune armour set (lg),0,NA,NA
13050,Guthix armour set (sk),0,NA,NA
13056,Bandos rune armour set (lg),0,NA,NA
13054,Armadyl rune armour set (sk),0,NA,NA
1177,Steel sq shield,0,NA,NA
1175,Iron sq shield,0,NA,NA
1173,Bronze sq shield,0,NA,NA
1171,Wooden shield,0,NA,NA
1179,Black sq shield,0,NA,NA
7188,Fish pie,1,NA,NA
876,Rune knife(p),1,NA,NA
3432,Sacred oil(3),1,NA,NA
7186,Raw fish pie,1,NA,NA
872,Steel knife(p),1,NA,NA
1225,Mithril dagger(p),1,NA,NA
12833,Holy elixir,1,NA,NA
12831,Blessed spirit shield,1,NA,NA
870,Bronze knife(p),1,NA,NA
8019,Enchant diamond,1,NA,NA
8018,Enchant ruby,1,NA,NA
8017,Enchant emerald,1,NA,NA
8016,Enchant sapphire,1,NA,NA
8015,Bones to peaches,1,NA,NA
8014,Bones to bananas,1,NA,NA
8013,Teleport to house,1,NA,NA
8012,Watchtower teleport,1,NA,NA
8011,Ardougne teleport,1,NA,NA
8010,Camelot teleport,1,NA,NA
2036,Premade p' punch,1,NA,NA
4591,Kharidian headpiece,1,NA,NA
4595,Karidian disguise,1,NA,NA
1987,Grapes,0,NA,NA
391,Manta ray,1,NA,NA
397,Sea turtle,1,NA,NA
395,Raw sea turtle,1,NA,NA
2309,Bread,0,NA,NA
4728,Guthan's platebody,1,NA,NA
2301,Pineapple pizza,1,NA,NA
4724,Guthan's helm,1,NA,NA
4726,Guthan's warspear,1,NA,NA
4720,Dharok's platebody,1,NA,NA
2307,Bread dough,0,NA,NA
4722,Dharok's platelegs,1,NA,NA
19701,Jar of darkness,1,NA,NA
5841,Slayer's respite(4),1,NA,NA
11280,Cavalier mask,1,NA,NA
11284,Dragonfire shield,1,NA,NA
5849,Cider(4),1,NA,NA
11286,Draconic visage,1,NA,NA
3749,Archer helm,1,NA,NA
4627,Bandit's brew,1,NA,NA
13463,Ensouled bear head,1,NA,NA
179,Antipoison(1),1,NA,NA
177,Antipoison(2),1,NA,NA
175,Antipoison(3),1,NA,NA
173,Ranging potion(1),1,NA,NA
171,Ranging potion(2),1,NA,NA
10390,Saradomin coif,1,NA,NA
10392,A powdered wig,1,NA,NA
10394,Flared trousers,1,NA,NA
10396,Pantaloons,1,NA,NA
10398,Sleeping cap,1,NA,NA
7218,Summer pie,1,NA,NA
7216,Raw summer pie,1,NA,NA
12227,Iron platelegs (t),0,NA,NA
6215,Broodoo shield (10),1,NA,NA
12225,Iron platebody (t),0,NA,NA
6213,Mahogany pyre log,1,NA,NA
12223,Bronze kiteshield (t),0,NA,NA
6211,Teak pyre logs,1,NA,NA
12229,Iron plateskirt (t),0,NA,NA
6812,Wyvern bones,1,NA,NA
6814,Fur,0,NA,NA
7668,Gadderhammer,1,NA,NA
7660,Guthix balance(4),1,NA,NA
7662,Guthix balance(3),1,NA,NA
7664,Guthix balance(2),1,NA,NA
7666,Guthix balance(1),1,NA,NA
1769,Orange dye,0,NA,NA
1763,Red dye,0,NA,NA
1761,Soft clay,0,NA,NA
1767,Blue dye,0,NA,NA
1765,Yellow dye,0,NA,NA
1540,Anti-dragon shield,0,NA,NA
11115,Dragonstone bracelet,1,NA,NA
13385,Xerician hat,1,NA,NA
5618,Steel arrow(p+),1,NA,NA
5619,Mithril arrow(p+),1,NA,NA
5616,Bronze arrow(p+),1,NA,NA
5617,Iron arrow(p+),1,NA,NA
259,Irit leaf,1,NA,NA
253,Tarromin,1,NA,NA
251,Marrentill,1,NA,NA
257,Ranarr weed,1,NA,NA
255,Harralander,1,NA,NA
5050,Skirt,1,NA,NA
5052,Skirt,1,NA,NA
1159,Mithril full helm,0,NA,NA
1155,Bronze full helm,0,NA,NA
1157,Steel full helm,0,NA,NA
1151,Black med helm,0,NA,NA
1153,Iron full helm,0,NA,NA
8528,Kitchen table,1,NA,NA
8522,Greenman's ale,1,NA,NA
8520,Asgarnian ale,1,NA,NA
8526,Chef's delight,1,NA,NA
8524,Dragon bitter,1,NA,NA
19576,Mithril javelin heads,1,NA,NA
4298,Ham shirt,1,NA,NA
10432,Green elegant blouse,1,NA,NA
12235,Iron platebody (g),0,NA,NA
4749,Torag's platebody,1,NA,NA
4740,Bolt rack,1,NA,NA
4747,Torag's hammers,1,NA,NA
12237,Iron platelegs (g),0,NA,NA
4745,Torag's helm,1,NA,NA
5865,Asgarnian ale(m4),1,NA,NA
12231,Iron full helm (t),0,NA,NA
12233,Iron kiteshield (t),0,NA,NA
2187,Tangled toad's legs,1,NA,NA
2185,Chocolate bomb,1,NA,NA
4600,Willow blackjack,1,NA,NA
12239,Iron plateskirt (g),0,NA,NA
13448,Ensouled goblin head,1,NA,NA
19589,Heavy frame,1,NA,NA
19586,Light frame,1,NA,NA
19584,Javelin shaft,1,NA,NA
19582,Dragon javelin heads,1,NA,NA
19580,Rune javelin heads,1,NA,NA
151,Fishing potion(3),1,NA,NA
153,Fishing potion(2),1,NA,NA
155,Fishing potion(1),1,NA,NA
157,Super strength(3),1,NA,NA
159,Super strength(2),1,NA,NA
7946,Monkfish,1,NA,NA
9192,Diamond bolt tips,1,NA,NA
10376,Guthix bracers,1,NA,NA
10374,Zamorak coif,1,NA,NA
6235,Broodoo shield,1,NA,NA
12205,Bronze platebody (g),0,NA,NA
6237,Broodoo shield (10),1,NA,NA
12207,Bronze platelegs (g),0,NA,NA
12201,Ancient stole,1,NA,NA
10564,Granite body,1,NA,NA
819,Bronze dart tip,1,NA,NA
810,Adamant dart,1,NA,NA
811,Rune dart,1,NA,NA
812,Bronze dart(p),1,NA,NA
813,Iron dart(p),1,NA,NA
814,Steel dart(p),1,NA,NA
815,Mithril dart(p),1,NA,NA
816,Adamant dart(p),1,NA,NA
817,Rune dart(p),1,NA,NA
13441,Anglerfish,1,NA,NA
1700,Diamond amulet,0,NA,NA
1702,Dragonstone amulet,1,NA,NA
1704,Amulet of glory,1,NA,NA
11133,Regen bracelet,1,NA,NA
11130,Onyx bracelet,1,NA,NA
3028,Super restore(2),1,NA,NA
3026,Super restore(3),1,NA,NA
3024,Super restore(4),1,NA,NA
3022,Super energy(1),1,NA,NA
3020,Super energy(2),1,NA,NA
5670,Bronze dagger(p+),1,NA,NA
5672,Steel dagger(p+),1,NA,NA
5674,Mithril dagger(p+),1,NA,NA
5676,Adamant dagger(p+),1,NA,NA
5678,Rune dagger(p+),1,NA,NA
6752,Black desert robe,1,NA,NA
6750,Black desert shirt,1,NA,NA
239,White berries,1,NA,NA
235,Unicorn horn dust,1,NA,NA
237,Unicorn horn,1,NA,NA
231,Snape grass,1,NA,NA
233,Pestle and mortar,1,NA,NA
5386,Apples(5),1,NA,NA
11834,Bandos tassets,1,NA,NA
11832,Bandos chestplate,1,NA,NA
11830,Armadyl chainskirt,1,NA,NA
1139,Bronze med helm,0,NA,NA
1133,Studded body,0,NA,NA
1131,Hardleather body,0,NA,NA
2140,Cooked chicken,0,NA,NA
1137,Iron med helm,0,NA,NA
1135,Green d'hide body,0,NA,NA
8508,Mahogany armchair,1,NA,NA
12879,Torag's armour set,1,NA,NA
2,Cannonball,1,NA,NA
12265,Bandos robe top,1,NA,NA
6589,White battleaxe,1,NA,NA
1927,Bucket of milk,0,NA,NA
13657,Grape seed,1,NA,NA
11248,Eclectic impling jar,1,NA,NA
11244,Earth impling jar,1,NA,NA
11246,Essence impling jar,1,NA,NA
11242,Gourmet impling jar,1,NA,NA
5809,Dragon bitter(4),1,NA,NA
5801,Mind bomb(4),1,NA,NA
11791,Staff of the dead,1,NA,NA
4884,Dharok's helm 0,1,NA,NA
9177,Iron crossbow,1,NA,NA
6259,Broodoo shield (10),1,NA,NA
12269,Bandos stole,1,NA,NA
12263,Armadyl crozier,1,NA,NA
12261,Armadyl cloak,1,NA,NA
6257,Broodoo shield,1,NA,NA
12267,Bandos robe legs,1,NA,NA
8548,Wood dining table,1,NA,NA
3474,Adamant plateskirt (t),0,NA,NA
3475,Adamant plateskirt (g),0,NA,NA
3476,Rune plateskirt (g),0,NA,NA
3477,Rune plateskirt (t),0,NA,NA
3470,Fine cloth,1,NA,NA
837,Crossbow,0,NA,NA
3472,Black plateskirt (t),0,NA,NA
3473,Black plateskirt (g),0,NA,NA
839,Longbow,0,NA,NA
3478,Zamorak plateskirt,0,NA,NA
3479,Saradomin plateskirt,0,NA,NA
8882,Bone bolts,1,NA,NA
11431,Attack mix(1),1,NA,NA
1729,Amulet of defence,0,NA,NA
1727,Amulet of magic,0,NA,NA
1724,Unholy symbol,1,NA,NA
1725,Amulet of strength,0,NA,NA
1722,Unpowered symbol,1,NA,NA
1720,Unstrung emblem,1,NA,NA
3004,Snapdragon potion (unf),1,NA,NA
3000,Snapdragon,1,NA,NA
3002,Toadflax potion (unf),1,NA,NA
3008,Energy potion(4),1,NA,NA
9450,Mahogany stock,1,NA,NA
9452,Yew stock,1,NA,NA
5658,Black knife(p+),1,NA,NA
5659,Adamant knife(p+),1,NA,NA
5656,Steel knife(p+),1,NA,NA
5657,Mithril knife(p+),1,NA,NA
5654,Bronze knife(p+),1,NA,NA
5655,Iron knife(p+),1,NA,NA
5652,Adamant javelin(p++),1,NA,NA
5653,Rune javelin(p++),1,NA,NA
5650,Steel javelin(p++),1,NA,NA
5651,Mithril javelin(p++),1,NA,NA
12486,Bandos full helm,0,NA,NA
12468,Ancient kiteshield,0,NA,NA
6418,Maple blackjack(o),1,NA,NA
12464,Ancient plateskirt,0,NA,NA
6414,Willow blackjack(d),1,NA,NA
12466,Ancient full helm,0,NA,NA
6416,Maple blackjack,1,NA,NA
12460,Ancient platebody,0,NA,NA
6410,Oak blackjack(d),1,NA,NA
12462,Ancient platelegs,0,NA,NA
6412,Willow blackjack(o),1,NA,NA
7771,Toy cat,1,NA,NA
19481,Heavy ballista,1,NA,NA
6731,Seers ring,1,NA,NA
6739,Dragon axe,1,NA,NA
12484,Bandos plateskirt,0,NA,NA
13167,Bandos dragonhide set,1,NA,NA
217,Grimy dwarf weed,1,NA,NA
215,Grimy cadantine,1,NA,NA
213,Grimy kwuarm,1,NA,NA
211,Grimy avantoe,1,NA,NA
219,Grimy torstol,1,NA,NA
12488,Bandos kiteshield,0,NA,NA
2550,Ring of recoil,1,NA,NA
2552,Ring of dueling(8),1,NA,NA
11477,Fishing mix(2),1,NA,NA
11475,Anti-poison supermix(1),1,NA,NA
11473,Anti-poison supermix(2),1,NA,NA
11471,Superattack mix(1),1,NA,NA
11479,Fishing mix(1),1,NA,NA
5014,Mining helmet,1,NA,NA
5016,Bone spear,1,NA,NA
5018,Bone club,1,NA,NA
4419,Guthix rest(3),1,NA,NA
4417,Guthix rest(4),1,NA,NA
4413,Team-50 cape,0,NA,NA
4411,Team-49 cape,0,NA,NA
11814,Saradomin hilt,1,NA,NA
11816,Zamorak hilt,1,NA,NA
11810,Armadyl hilt,1,NA,NA
11812,Bandos hilt,1,NA,NA
11818,Godsword shard 1,1,NA,NA
7168,Raw mud pie,1,NA,NA
7162,Pie recipe book,1,NA,NA
1111,Adamant chainbody,0,NA,NA
1446,Body talisman,0,NA,NA
1113,Rune chainbody,0,NA,NA
1444,Water talisman,0,NA,NA
1115,Iron platebody,0,NA,NA
1442,Fire talisman,0,NA,NA
1117,Bronze platebody,0,NA,NA
1440,Earth talisman,0,NA,NA
1119,Steel platebody,0,NA,NA
1448,Mind talisman,0,NA,NA
4585,Dragon plateskirt,1,NA,NA
4582,Black spear(p),1,NA,NA
4788,Black brutal,1,NA,NA
10008,Box trap,1,NA,NA
4783,Steel brutal,1,NA,NA
5825,Axeman's folly(4),1,NA,NA
11260,Impling jar,1,NA,NA
10109,Kebbit teeth,1,NA,NA
199,Grimy guam leaf,1,NA,NA
197,Poison chalice,1,NA,NA
191,Zamorak brew(2),1,NA,NA
193,Zamorak brew(1),1,NA,NA
10101,Tatty kyatt fur,1,NA,NA
12798,Steam staff upgrade kit,1,NA,NA
10332,3rd age range legs,1,NA,NA
10336,3rd age vambraces,1,NA,NA
10334,3rd age range coif,1,NA,NA
12241,Iron full helm (g),0,NA,NA
12243,Iron kiteshield (g),0,NA,NA
12245,Beanie,1,NA,NA
12247,Red beret,1,NA,NA
6279,Broodoo shield,1,NA,NA
12249,Imp mask,1,NA,NA
9731,Mind shield,1,NA,NA
9733,Mind helmet,1,NA,NA
9735,Desert goat horn,1,NA,NA
9736,Goat horn dust,1,NA,NA
9739,Combat potion(4),1,NA,NA
859,Magic longbow,1,NA,NA
13169,Armadyl dragonhide set,1,NA,NA
6,Cannon base,1,NA,NA
13163,Saradomin dragonhide set,1,NA,NA
1305,Dragon longsword,1,NA,NA
1307,Bronze 2h sword,0,NA,NA
1301,Adamant longsword,0,NA,NA
1303,Rune longsword,0,NA,NA
1309,Iron 2h sword,0,NA,NA
12402,Nardah teleport,1,NA,NA
6472,Compost potion(3),1,NA,NA
6470,Compost potion(4),1,NA,NA
12406,Mort'ton teleport,1,NA,NA
6476,Compost potion(1),1,NA,NA
12404,Feldip hills teleport,1,NA,NA
6474,Compost potion(2),1,NA,NA
7759,Toy soldier,1,NA,NA
2579,Wizard boots,1,NA,NA
2577,Ranger boots,1,NA,NA
2572,Ring of wealth,1,NA,NA
2570,Ring of life,1,NA,NA
11459,Defence mix(1),1,NA,NA
10121,Common kebbit fur,1,NA,NA
11455,Energy mix(1),1,NA,NA
11457,Defence mix(2),1,NA,NA
11451,Restore mix(1),1,NA,NA
11453,Energy mix(2),1,NA,NA
5036,Trousers,1,NA,NA
5034,Shirt,1,NA,NA
5032,Shirt,1,NA,NA
5030,Shirt,1,NA,NA
4436,Airtight pot,1,NA,NA
4438,Unfired pot lid,1,NA,NA
975,Machete,1,NA,NA
973,Charcoal,0,NA,NA
970,Papyrus,1,NA,NA
12986,Steel set (sk),0,NA,NA
10474,Zamorak stole,1,NA,NA
10476,Purple sweets,1,NA,NA
10470,Saradomin stole,1,NA,NA
10472,Guthix stole,1,NA,NA
8927,Bandana eyepatch,1,NA,NA
8926,Bandana eyepatch,1,NA,NA
8925,Bandana eyepatch,1,NA,NA
8924,Bandana eyepatch,1,NA,NA
8921,Black mask,1,NA,NA
11875,Broad bolts,1,NA,NA
8928,Hat eyepatch,1,NA,NA
1681,Diamond amulet (u),0,NA,NA
1683,Dragonstone amulet (u),1,NA,NA
12221,Bronze full helm (t),0,NA,NA
13487,Ensouled horror head,1,NA,NA
1464,Archery ticket,1,NA,NA
1462,Nature talisman,1,NA,NA
319,Anchovies,0,NA,NA
313,Fishing bait,0,NA,NA
311,Harpoon,0,NA,NA
317,Raw shrimps,0,NA,NA
315,Shrimps,0,NA,NA
314,Feather,0,NA,NA
10348,3rd age platebody,1,NA,NA
11200,Dwarven helmet,1,NA,NA
447,Mithril ore,0,NA,NA
2293,Meat pizza,0,NA,NA
2297,Anchovy pizza,0,NA,NA
10314,Black helm (h5),0,NA,NA
39,Bronze arrowtips,1,NA,NA
6299,Spider on shaft,1,NA,NA
6297,Spider on stick,1,NA,NA
6291,Spider carcass,1,NA,NA
3438,Pyre logs,1,NA,NA
878,Bronze bolts(p),1,NA,NA
879,Opal bolts,1,NA,NA
3430,Sacred oil(4),1,NA,NA
877,Bronze bolts,0,NA,NA
874,Black knife(p),1,NA,NA
875,Adamant knife(p),1,NA,NA
3434,Sacred oil(2),1,NA,NA
873,Mithril knife(p),1,NA,NA
3436,Sacred oil(1),1,NA,NA
871,Iron knife(p),1,NA,NA
4848,Relicym's balm(1),1,NA,NA
4844,Relicym's balm(3),1,NA,NA
4846,Relicym's balm(2),1,NA,NA
4842,Relicym's balm(4),1,NA,NA
2038,Premade sgg,1,NA,NA
11998,Smoke battlestaff,1,NA,NA
1247,Rune spear,1,NA,NA
11990,Fedora,1,NA,NA
11992,Lava scale,1,NA,NA
11994,Lava scale shard,1,NA,NA
13171,Ancient dragonhide set,1,NA,NA
13173,Partyhat set,0,NA,NA
13175,Halloween mask set,0,NA,NA
3049,Grimy toadflax,1,NA,NA
3040,Magic potion(4),1,NA,NA
3042,Magic potion(3),1,NA,NA
3044,Magic potion(2),1,NA,NA
3046,Magic potion(1),1,NA,NA
1095,Leather chaps,0,NA,NA
1097,Studded chaps,0,NA,NA
1091,Adamant plateskirt,0,NA,NA
1093,Rune plateskirt,0,NA,NA
1099,Green d'hide chaps,0,NA,NA
1915,Grog,1,NA,NA
1323,Iron scimitar,0,NA,NA
1321,Bronze scimitar,0,NA,NA
1327,Black scimitar,0,NA,NA
1325,Steel scimitar,0,NA,NA
1329,Mithril scimitar,0,NA,NA
6908,Beginner wand,1,NA,NA
10312,Black helm (h4),0,NA,NA
5785,Asgarnian ale(4),1,NA,NA
11439,Relicym's mix(1),1,NA,NA
11433,Antipoison mix(2),1,NA,NA
4593,Fake beard,1,NA,NA
11437,Relicym's mix(2),1,NA,NA
11435,Antipoison mix(1),1,NA,NA
4456,Bowl of hot water,1,NA,NA
4458,Cup of water,1,NA,NA
958,Grey wolf fur,1,NA,NA
950,Silk,0,NA,NA
952,Spade,0,NA,NA
954,Rope,0,NA,NA
10368,Zamorak bracers,1,NA,NA
6335,Tribal mask,1,NA,NA
6337,Tribal mask,1,NA,NA
6330,Snakeskin vambraces,1,NA,NA
6332,Mahogany logs,1,NA,NA
6333,Teak logs,1,NA,NA
6339,Tribal mask,1,NA,NA
9674,Proselyte hauberk,1,NA,NA
10452,Saradomin mitre,1,NA,NA
9676,Proselyte cuisse,1,NA,NA
10450,Zamorak cloak,1,NA,NA
9670,Proselyte harness f,1,NA,NA
10456,Zamorak mitre,1,NA,NA
9672,Proselyte sallet,1,NA,NA
10454,Guthix mitre,1,NA,NA
10105,Kebbit spike,1,NA,NA
10107,Long kebbit spike,1,NA,NA
10458,Saradomin robe top,1,NA,NA
9678,Proselyte tasset,1,NA,NA
10103,Kyatt fur,1,NA,NA
8901,Black mask (10),1,NA,NA
4968,Torag's platebody 0,1,NA,NA
7128,Stripy pirate shirt,1,NA,NA
7126,Pirate leggings,1,NA,NA
7124,Pirate bandana,1,NA,NA
7122,Stripy pirate shirt,1,NA,NA
1664,Dragon necklace,1,NA,NA
1662,Diamond necklace,0,NA,NA
1660,Ruby necklace,0,NA,NA
590,Tinderbox,0,NA,NA
592,Ashes,0,NA,NA
596,Unlit torch,1,NA,NA
3387,Splitbark body,1,NA,NA
5416,Bananas(5),1,NA,NA
3385,Splitbark helm,1,NA,NA
3381,Cooked slimy eel,1,NA,NA
13387,Xerician top,1,NA,NA
5418,Empty sack,1,NA,NA
3389,Splitbark legs,1,NA,NA
1403,Mystic water staff,1,NA,NA
1401,Mystic fire staff,1,NA,NA
1407,Mystic earth staff,1,NA,NA
1405,Mystic air staff,1,NA,NA
4212,New crystal bow,1,NA,NA
5576,Initiate cuisse,1,NA,NA
5575,Initiate hauberk,1,NA,NA
5574,Initiate sallet,1,NA,NA
11113,Skills necklace,1,NA,NA
339,Cod,1,NA,NA
335,Raw trout,0,NA,NA
331,Raw salmon,0,NA,NA
333,Trout,0,NA,NA
11229,Dragon arrow(p++),1,NA,NA
11228,Dragon arrow(p+),1,NA,NA
11227,Dragon arrow(p),1,NA,NA
13383,Xerician fabric,1,NA,NA
12323,Red cavalier,1,NA,NA
10937,Nail beast nails,1,NA,NA
10931,Sanfew serum(1),1,NA,NA
9448,Maple stock,1,NA,NA
9446,Teak stock,1,NA,NA
9444,Willow stock,1,NA,NA
9442,Oak stock,1,NA,NA
9440,Wooden stock,1,NA,NA
12285,Mithril plateskirt (g),0,NA,NA
12287,Mithril platebody (t),0,NA,NA
12281,Mithril kiteshield (g),0,NA,NA
12283,Mithril full helm (g),0,NA,NA
12289,Mithril platelegs (t),0,NA,NA
12759,Green dark bow paint,1,NA,NA
12757,Blue dark bow paint,1,NA,NA
13235,Eternal boots,1,NA,NA
3414,Serum 207 (1),1,NA,NA
3412,Serum 207 (2),1,NA,NA
3410,Serum 207 (3),1,NA,NA
8532,Teak kitchen table,1,NA,NA
12827,Arcane sigil,1,NA,NA
12821,Spectral spirit shield,1,NA,NA
10434,Green elegant skirt,1,NA,NA
2019,Gin,1,NA,NA
2015,Vodka,1,NA,NA
2017,Whisky,1,NA,NA
12823,Spectral sigil,1,NA,NA
2011,Curry,1,NA,NA
13389,Xerician robe,1,NA,NA
9454,Bronze crossbow (u),1,NA,NA
13157,Book of law page set,1,NA,NA
13155,Book of war page set,1,NA,NA
13153,Book of balance page set,1,NA,NA
13151,Unholy book page set,1,NA,NA
13159,Book of darkness page set,1,NA,NA
12990,Black set (sk),0,NA,NA
12992,Black trimmed set (lg),0,NA,NA
10362,Amulet of glory (t),1,NA,NA
12996,Black gold-trimmed set (lg),0,NA,NA
12998,Black gold-trimmed set (sk),0,NA,NA
451,Runite ore,0,NA,NA
1343,Mithril warhammer,0,NA,NA
6528,Tzhaar-ket-om,1,NA,NA
11410,Adamant hasta(p+),1,NA,NA
11412,Adamant hasta(p++),1,NA,NA
11414,Rune hasta(p),1,NA,NA
11417,Rune hasta(p+),1,NA,NA
11419,Rune hasta(p++),1,NA,NA
9457,Iron crossbow (u),1,NA,NA
2464,Blue flowers,1,NA,NA
2466,Yellow flowers,1,NA,NA
2460,Assorted flowers,1,NA,NA
2462,Red flowers,1,NA,NA
2468,Purple flowers,1,NA,NA
9459,Steel crossbow (u),1,NA,NA
1021,Blue cape,0,NA,NA
6313,Opal machete,1,NA,NA
6311,Gout tuber,1,NA,NA
6317,Red topaz machete,1,NA,NA
6315,Jade machete,1,NA,NA
8530,Oak kitchen table,1,NA,NA
6319,Proboscis,1,NA,NA
9304,Adamant bolts(p++),1,NA,NA
9305,Runite bolts(p++),1,NA,NA
9306,Silver bolts(p++),1,NA,NA
9301,Iron bolts(p++),1,NA,NA
9302,Steel bolts(p++),1,NA,NA
9303,Mithril bolts(p++),1,NA,NA
1645,Dragonstone ring,1,NA,NA
1641,Ruby ring,0,NA,NA
1643,Diamond ring,0,NA,NA
579,Blue wizard hat,0,NA,NA
573,Air orb,1,NA,NA
571,Water orb,1,NA,NA
577,Blue wizard robe,0,NA,NA
575,Earth orb,1,NA,NA
1420,Iron mace,0,NA,NA
1422,Bronze mace,0,NA,NA
3369,Thin snail meat,1,NA,NA
1426,Black mace,0,NA,NA
3365,Lean snail,1,NA,NA
5438,Potatoes(10),1,NA,NA
3367,Fat snail,1,NA,NA
3361,Blamish blue shell,1,NA,NA
3363,Thin snail,1,NA,NA
1201,Rune kiteshield,0,NA,NA
4866,Ahrim's staff 0,1,NA,NA
13484,Ensouled troll head,1,NA,NA
8588,Gilded four-poster,1,NA,NA
8580,Large oak bed,1,NA,NA
8582,Teak bed,1,NA,NA
8584,Large teak bed,1,NA,NA
8586,Four-poster bed,1,NA,NA
5881,Mind bomb(m4),1,NA,NA
5889,Dragon bitter(m4),1,NA,NA
12422,3rd age wand,1,NA,NA
355,Mackerel,1,NA,NA
359,Raw tuna,0,NA,NA
11076,Emerald bracelet,1,NA,NA
10119,Feldip weasel fur,1,NA,NA
12775,Annakarl teleport,1,NA,NA
6129,Rock-shell plate,1,NA,NA
6128,Rock-shell helm,1,NA,NA
10958,Frog-leather boots,1,NA,NA
10952,Slayer bell,1,NA,NA
10111,Kebbit teeth dust,1,NA,NA
10956,Frog-leather chaps,1,NA,NA
10954,Frog-leather body,1,NA,NA
12426,3rd age longsword,1,NA,NA
2259,Cheese+tom batta,1,NA,NA
2255,Toad batta,1,NA,NA
2253,Worm batta,1,NA,NA
12428,Penguin mask,1,NA,NA
4803,Rune brutal,1,NA,NA
9465,Runite crossbow (u),1,NA,NA
9461,Mithril crossbow (u),1,NA,NA
9463,Adamant crossbow (u),1,NA,NA
9469,Grand seed pod,1,NA,NA
2074,Choc saturday,1,NA,NA
11959,Black chinchompa,1,NA,NA
11955,Extended antifire (2),1,NA,NA
11957,Extended antifire (1),1,NA,NA
11951,Extended antifire (4),1,NA,NA
11953,Extended antifire (3),1,NA,NA
8790,Bolt of cloth,1,NA,NA
12978,Iron trimmed set (sk),0,NA,NA
12976,Iron trimmed set (lg),0,NA,NA
12974,Iron set (sk),0,NA,NA
12972,Iron set (lg),0,NA,NA
12970,Bronze gold-trimmed set (sk),0,NA,NA
7080,Sliced mushrooms,1,NA,NA
7082,Fried mushrooms,1,NA,NA
7084,Fried onions,1,NA,NA
7086,Chopped tuna,1,NA,NA
7088,Sweetcorn,1,NA,NA
4399,Team-43 cape,0,NA,NA
4391,Team-39 cape,0,NA,NA
4393,Team-40 cape,0,NA,NA
4395,Team-41 cape,0,NA,NA
4397,Team-42 cape,0,NA,NA
3196,Black halberd,1,NA,NA
3194,Steel halberd,1,NA,NA
3192,Iron halberd,1,NA,NA
3190,Bronze halberd,1,NA,NA
3198,Mithril halberd,1,NA,NA
11382,Bronze hasta(p+),1,NA,NA
11384,Bronze hasta(p++),1,NA,NA
11386,Iron hasta(p),1,NA,NA
11389,Iron hasta(p+),1,NA,NA
299,Mithril seeds,1,NA,NA
2442,Super defence(4),1,NA,NA
2440,Super strength(4),1,NA,NA
2446,Antipoison(4),1,NA,NA
2444,Ranging potion(4),1,NA,NA
12524,Black dragon mask,1,NA,NA
2448,Superantipoison(4),1,NA,NA
12522,Red dragon mask,1,NA,NA
6379,Villager armband,1,NA,NA
6371,Tribal top,1,NA,NA
6373,Villager robe,1,NA,NA
6375,Villager hat,1,NA,NA
6377,Villager sandals,1,NA,NA
10143,Marrentill tar,1,NA,NA
10142,Guam tar,1,NA,NA
10145,Harralander tar,1,NA,NA
10144,Tarromin tar,1,NA,NA
10147,Red salamander,1,NA,NA
10146,Orange salamander,1,NA,NA
10149,Swamp lizard,1,NA,NA
10148,Black salamander,1,NA,NA
10418,Purple elegant legs,1,NA,NA
9638,Vyrewatch shoes,1,NA,NA
9634,Vyrewatch top,1,NA,NA
9636,Vyrewatch legs,1,NA,NA
1436,Rune essence,0,NA,NA
1434,Dragon mace,1,NA,NA
1623,Uncut sapphire,0,NA,NA
1621,Uncut emerald,0,NA,NA
1627,Uncut jade,1,NA,NA
3202,Rune halberd,1,NA,NA
1625,Uncut opal,1,NA,NA
1629,Uncut red topaz,1,NA,NA
3396,Loar remains,1,NA,NA
2861,Wolfbone arrowtips,1,NA,NA
2862,Achey tree logs,1,NA,NA
559,Body rune,0,NA,NA
558,Mind rune,0,NA,NA
2866,Ogre arrow,1,NA,NA
555,Water rune,0,NA,NA
554,Fire rune,0,NA,NA
557,Earth rune,0,NA,NA
556,Air rune,0,NA,NA
10364,Strength amulet (t),0,NA,NA
1199,Adamant kiteshield,0,NA,NA
3349,Blamish ochre shell,1,NA,NA
1191,Iron kiteshield,0,NA,NA
3343,Bruise blue snelm,1,NA,NA
1193,Steel kiteshield,0,NA,NA
3341,Ochre snelm,1,NA,NA
1195,Black kiteshield,0,NA,NA
3347,Blamish red shell,1,NA,NA
1197,Mithril kiteshield,0,NA,NA
3345,Blamish myre shell,1,NA,NA
12618,Armadyl page 2,1,NA,NA
9189,Sapphire bolt tips,1,NA,NA
5533,Body tiara,0,NA,NA
5531,Water tiara,0,NA,NA
5537,Fire tiara,0,NA,NA
5535,Earth tiara,0,NA,NA
5539,Cosmic tiara,1,NA,NA
1349,Iron axe,0,NA,NA
6573,Onyx,1,NA,NA
6571,Uncut onyx,1,NA,NA
6577,Onyx necklace,1,NA,NA
6575,Onyx ring,1,NA,NA
6579,Onyx amulet (u),1,NA,NA
1341,Black warhammer,0,NA,NA
3834,Zamorak page 4,1,NA,NA
3835,Guthix page 1,1,NA,NA
3836,Guthix page 2,1,NA,NA
3837,Guthix page 3,1,NA,NA
3830,Saradomin page 4,1,NA,NA
3831,Zamorak page 1,1,NA,NA
3832,Zamorak page 2,1,NA,NA
3833,Zamorak page 3,1,NA,NA
3838,Guthix page 4,1,NA,NA
1345,Adamant warhammer,0,NA,NA
1347,Rune warhammer,0,NA,NA
379,Lobster,0,NA,NA
7521,Cooked crab meat,1,NA,NA
371,Raw swordfish,0,NA,NA
373,Swordfish,0,NA,NA
377,Raw lobster,0,NA,NA
6143,Spined boots,1,NA,NA
6141,Skeletal bottoms,1,NA,NA
6147,Skeletal boots,1,NA,NA
6145,Rock-shell boots,1,NA,NA
6924,Infinity bottoms,1,NA,NA
6149,Spined gloves,1,NA,NA
10978,Swamp weed,1,NA,NA
6920,Infinity boots,1,NA,NA
19656,Uncooked botanical pie,1,NA,NA
6922,Infinity gloves,1,NA,NA
2277,Fruit batta,1,NA,NA
2054,Wizard blizzard,1,NA,NA
4824,Rune nails,1,NA,NA
4537,Oil lantern,1,NA,NA
4822,Mithril nails,1,NA,NA
4820,Iron nails,1,NA,NA
4821,Black nails,1,NA,NA
11978,Amulet of glory(6),1,NA,NA
11972,Combat bracelet(6),1,NA,NA
13190,Old school bond,0,NA,NA
7325,Blue boater,1,NA,NA
7327,Black boater,1,NA,NA
10088,Red feather,1,NA,NA
7321,Orange boater,1,NA,NA
7323,Green boater,1,NA,NA
10085,Black spiky vambs,1,NA,NA
10087,Stripy feather,1,NA,NA
7329,Red firelighter,1,NA,NA
10083,Red spiky vambs,1,NA,NA
13421,Saltpetre,1,NA,NA
7068,Tuna and corn,1,NA,NA
7066,Mushroom & onion,1,NA,NA
7064,Egg and tomato,1,NA,NA
7062,Chilli con carne,1,NA,NA
7060,Tuna potato,1,NA,NA
6962,Triangle sandwich,0,NA,NA
11231,Dragon dart(p),1,NA,NA
9988,Roast beast meat,1,NA,NA
9986,Raw beast meat,1,NA,NA
9980,Roast bird meat,1,NA,NA
1389,Magic staff,0,NA,NA
413,Oyster pearls,1,NA,NA
1385,Staff of earth,0,NA,NA
1387,Staff of fire,0,NA,NA
1381,Staff of air,0,NA,NA
1383,Staff of water,0,NA,NA
12408,Piscatoris teleport,1,NA,NA
11369,Iron hasta,1,NA,NA
11367,Bronze hasta,1,NA,NA
12409,Tai bwo wannai teleport,1,NA,NA
6689,Saradomin brew(2),1,NA,NA
6681,Ground guam,1,NA,NA
6685,Saradomin brew(4),1,NA,NA
6687,Saradomin brew(3),1,NA,NA
2428,Attack potion(4),1,NA,NA
6357,Villager sandals,1,NA,NA
6355,Villager hat,1,NA,NA
6353,Villager robe,1,NA,NA
6351,Tribal top,1,NA,NA
6359,Villager armband,1,NA,NA
9340,Diamond bolts,1,NA,NA
9341,Dragon bolts,1,NA,NA
9342,Onyx bolts,1,NA,NA
2165,Crunchy tray,1,NA,NA
2164,Batta tin,1,NA,NA
2167,Gianne's cook book,1,NA,NA
1609,Opal,1,NA,NA
3228,Cooked rabbit,1,NA,NA
1978,Cup of tea,1,NA,NA
1601,Diamond,0,NA,NA
1603,Ruby,0,NA,NA
3226,Raw rabbit,1,NA,NA
1973,Chocolate bar,0,NA,NA
1607,Sapphire,0,NA,NA
13277,Jar of miasma,1,NA,NA
13271,Abyssal dagger (p++),1,NA,NA
3325,Vampire dust,1,NA,NA
3327,Myre snelm,1,NA,NA
3329,Blood'n'tar snelm,1,NA,NA
5478,Cabbages(10),1,NA,NA
12424,3rd age bow,1,NA,NA
5516,Elemental talisman,1,NA,NA
536,Dragon bones,1,NA,NA
534,Babydragon bones,1,NA,NA
532,Big bones,0,NA,NA
530,Bat bones,1,NA,NA
10089,Blue feather,1,NA,NA
538,Druid's robe,1,NA,NA
10020,Ruby harvest,1,NA,NA
8457,Bagged sunflower,1,NA,NA
8455,Bagged bluebells,1,NA,NA
8453,Bagged daffodils,1,NA,NA
8451,Bagged flower,1,NA,NA
8459,Bagged marigolds,1,NA,NA
19619,Salve graveyard teleport,1,NA,NA
19617,Mind altar teleport,1,NA,NA
19615,Draynor manor teleport,1,NA,NA
19613,Lumbridge graveyard teleport,1,NA,NA
19610,Monkey tail,1,NA,NA
6169,Circular hide,1,NA,NA
6161,Rock-shell splinter,1,NA,NA
6163,Skull piece,1,NA,NA
6165,Ribcage piece,1,NA,NA
6167,Fibula piece,1,NA,NA
10999,Goblin book,1,NA,NA
2213,Spicy crunchies,1,NA,NA
2217,Toad crunchies,1,NA,NA
10081,Blue spiky vambs,1,NA,NA
2219,Premade w'm batta,1,NA,NA
12761,Yellow dark bow paint,1,NA,NA
12851,Amulet of the damned (full),1,NA,NA
13469,Ensouled dog head,1,NA,NA
4517,Giant frog legs,1,NA,NA
9429,Adamantite limbs,1,NA,NA
9420,Bronze limbs,1,NA,NA
9423,Iron limbs,1,NA,NA
9425,Steel limbs,1,NA,NA
9427,Mithril limbs,1,NA,NA
5289,Palm tree seed,1,NA,NA
5288,Papaya tree seed,1,NA,NA
5281,Belladonna seed,1,NA,NA
5280,Cactus seed,1,NA,NA
5283,Apple tree seed,1,NA,NA
5282,Mushroom spore,1,NA,NA
5285,Orange tree seed,1,NA,NA
5284,Banana tree seed,1,NA,NA
5287,Pineapple seed,1,NA,NA
5286,Curry tree seed,1,NA,NA
12932,Magic fang,1,NA,NA
12936,Jar of swamp,1,NA,NA
12934,Zulrah's scales,1,NA,NA
12938,Zul-andra teleport,1,NA,NA
8608,Gilded dresser,1,NA,NA
6983,Granite (5kg),1,NA,NA
6981,Granite (2kg),1,NA,NA
1019,Black cape,0,NA,NA
1015,Black skirt,0,NA,NA
1017,Wizard hat,0,NA,NA
1011,Blue skirt,0,NA,NA
1013,Pink skirt,0,NA,NA
4359,Team-23 cape,0,NA,NA
4355,Team-21 cape,0,NA,NA
4357,Team-22 cape,0,NA,NA
4351,Team-19 cape,0,NA,NA
4353,Team-20 cape,0,NA,NA
438,Tin ore,0,NA,NA
436,Copper ore,0,NA,NA
434,Clay,0,NA,NA
13481,Ensouled elf head,1,NA,NA
5708,Steel spear(p+),1,NA,NA
5704,Bronze spear(p+),1,NA,NA
5706,Iron spear(p+),1,NA,NA
5700,Black dagger(p++),1,NA,NA
12455,Black wizard hat (t),0,NA,NA
12451,Black wizard robe (t),0,NA,NA
12453,Black wizard hat (g),0,NA,NA
12697,Super combat potion(3),1,NA,NA
12695,Super combat potion(4),1,NA,NA
12699,Super combat potion(2),1,NA,NA
5354,Filled plant pot,1,NA,NA
1057,Red halloween mask,0,NA,NA
1833,Desert shirt,1,NA,NA
1831,Waterskin(0),1,NA,NA
3799,Fremennik gloves,1,NA,NA
1837,Desert boots,1,NA,NA
1835,Desert robe,1,NA,NA
3795,Fremennik skirt,1,NA,NA
3797,Fremennik hat,1,NA,NA
3791,Fremennik boots,1,NA,NA
3793,Fremennik robe,1,NA,NA
4980,Verac's helm 0,1,NA,NA
2152,Toad's legs,1,NA,NA
4986,Verac's flail 0,1,NA,NA
1955,Cooking apple,0,NA,NA
1957,Onion,0,NA,NA
1951,Redberries,0,NA,NA
1953,Pastry dough,0,NA,NA
1959,Pumpkin,0,NA,NA
13256,Saradomin's light,1,NA,NA
5498,Orange sapling,1,NA,NA
5499,Curry sapling,1,NA,NA
2064,Blurberry special,1,NA,NA
1227,Adamant dagger(p),1,NA,NA
621,Ship ticket,1,NA,NA
1223,Steel dagger(p),1,NA,NA
626,Pink boots,1,NA,NA
1221,Bronze dagger(p),1,NA,NA
628,Green boots,1,NA,NA
1229,Rune dagger(p),1,NA,NA
8792,Clockwork,1,NA,NA
8794,Saw,1,NA,NA
7566,Raw jubbly,1,NA,NA
10438,Purple elegant skirt,1,NA,NA
10129,Barb-tail harpoon,1,NA,NA
7568,Cooked jubbly,1,NA,NA
10123,Desert devil fur,1,NA,NA
10430,Blue elegant skirt,1,NA,NA
4166,Earmuffs,1,NA,NA
4164,Facemask,1,NA,NA
4162,Rock hammer,1,NA,NA
4161,Bag of salt,1,NA,NA
10127,Dashing kebbit fur,1,NA,NA
4168,Nose peg,1,NA,NA
10125,Spotted kebbit fur,1,NA,NA
10436,Purple elegant blouse,1,NA,NA
2239,Premade ch' crunch,1,NA,NA
2231,Premade ttl,1,NA,NA
2233,Premade worm hole,1,NA,NA
2235,Premade veg ball,1,NA,NA
2237,Premade w'm crun',1,NA,NA
5937,Weapon poison(+),1,NA,NA
5935,Coconut milk,1,NA,NA
5933,Willow branch,1,NA,NA
19631,Ape atoll teleport,1,NA,NA
5931,Jute fibre,1,NA,NA
4608,Super kebab,1,NA,NA
2092,Drunk dragon,1,NA,NA
8423,Bagged willow tree,1,NA,NA
13511,Ensouled dragon head,1,NA,NA
7368,Studded chaps (t),0,NA,NA
7360,Rune shield (h5),0,NA,NA
7362,Studded body (g),0,NA,NA
7364,Studded body (t),0,NA,NA
7366,Studded chaps (g),0,NA,NA
12317,Pink elegant legs,1,NA,NA
12315,Pink elegant shirt,1,NA,NA
12313,White boater,1,NA,NA
11936,Dark crab,1,NA,NA
11934,Raw dark crab,1,NA,NA
11933,Malediction shard 3,1,NA,NA
11932,Malediction shard 2,1,NA,NA
11931,Malediction shard 1,1,NA,NA
11930,Odium shard 3,1,NA,NA
12919,Anti-venom+(1),1,NA,NA
12911,Anti-venom(1),1,NA,NA
12913,Anti-venom+(4),1,NA,NA
12915,Anti-venom+(3),1,NA,NA
12917,Anti-venom+(2),1,NA,NA
9004,Stronghold notes,0,NA,NA
9003,Security book,0,NA,NA
1038,Red partyhat,0,NA,NA
1033,Zamorak robe,1,NA,NA
1031,Orange cape,0,NA,NA
1035,Zamorak robe,1,NA,NA
4379,Team-33 cape,0,NA,NA
4373,Team-30 cape,0,NA,NA
4371,Team-29 cape,0,NA,NA
4377,Team-32 cape,0,NA,NA
4375,Team-31 cape,0,NA,NA
11069,Gold bracelet,1,NA,NA
11061,Ancient mace,1,NA,NA
11065,Bracelet mould,1,NA,NA
4087,Dragon platelegs,1,NA,NA
4089,Mystic hat,1,NA,NA
11326,Caviar,1,NA,NA
11324,Roe,1,NA,NA
11328,Leaping trout,1,NA,NA
13496,Ensouled bloodveld head,1,NA,NA
5728,Rune spear(p++),1,NA,NA
5722,Steel spear(p++),1,NA,NA
5720,Iron spear(p++),1,NA,NA
5726,Adamant spear(p++),1,NA,NA
5724,Mithril spear(p++),1,NA,NA
11499,Super def. mix(1),1,NA,NA
11491,Magic essence mix(1),1,NA,NA
11493,Super restore mix(2),1,NA,NA
11495,Super restore mix(1),1,NA,NA
11497,Super def. mix(2),1,NA,NA
10812,Split log,1,NA,NA
10810,Arctic pine logs,1,NA,NA
10816,Raw yak meat,1,NA,NA
10814,Hair,1,NA,NA
10818,Yak-hide,1,NA,NA
7801,Snake hide,1,NA,NA
6398,Menaphite purple kilt,1,NA,NA
6392,Menaphite purple hat,1,NA,NA
12445,Black skirt (g),0,NA,NA
6390,Desert legs,1,NA,NA
6396,Menaphite purple robe,1,NA,NA
6394,Menaphite purple top,1,NA,NA
1859,Raw ugthanki meat,1,NA,NA
12443,Musketeer pants,1,NA,NA
1854,Shantay pass,1,NA,NA
2171,Gianne dough,1,NA,NA
4962,Torag's hammers 0,1,NA,NA
5694,Adamant dagger(p++),1,NA,NA
1933,Pot of flour,0,NA,NA
1931,Pot,0,NA,NA
1937,Jug of water,0,NA,NA
1935,Jug,0,NA,NA
1939,Swamp tar,1,NA,NA
1424,Steel mace,0,NA,NA
7944,Raw monkfish,1,NA,NA
9190,Emerald bolt tips,1,NA,NA
9193,Dragon bolt tips,1,NA,NA
13239,Primordial boots,1,NA,NA
1428,Mithril mace,0,NA,NA
13233,Smouldering stone,1,NA,NA
13231,Primordial crystal,1,NA,NA
13237,Pegasian boots,1,NA,NA
9194,Onyx bolt tips,1,NA,NA
10372,Zamorak chaps,1,NA,NA
10370,Zamorak d'hide,1,NA,NA
6889,Mage's book,1,NA,NA
1205,Bronze dagger,0,NA,NA
1207,Steel dagger,0,NA,NA
1203,Iron dagger,0,NA,NA
12526,Fury ornament kit,1,NA,NA
12520,Blue dragon mask,1,NA,NA
12209,Bronze plateskirt (g),0,NA,NA
1357,Adamant axe,0,NA,NA
8419,Bagged nice tree,1,NA,NA
8417,Bagged dead tree,1,NA,NA
12203,Ancient mitre,1,NA,NA
3853,Games necklace(8),1,NA,NA
19665,Damaged monkey tail,1,NA,NA
19653,Golovanova fruit top,1,NA,NA
5913,Chef's delight(m4),1,NA,NA
4551,Spiny helmet,1,NA,NA
13439,Raw anglerfish,1,NA,NA
2617,Rune platelegs (g),0,NA,NA
2615,Rune platebody (g),0,NA,NA
2613,Adamant full helm (g),0,NA,NA
2611,Adamant kiteshield (g),0,NA,NA
2619,Rune full helm (g),0,NA,NA
7346,Adamant shield (h3),0,NA,NA
7344,Black shield (h3),0,NA,NA
7342,Rune shield (h2),0,NA,NA
7340,Adamant shield (h2),0,NA,NA
10029,Teasing stick,1,NA,NA
10025,Magic box,1,NA,NA
7348,Rune shield (h3),0,NA,NA
12339,Pink elegant blouse,1,NA,NA
12335,Briefcase,1,NA,NA
12337,Sagacious spectacles,1,NA,NA
12331,Red d'hide body (t),1,NA,NA
12333,Red d'hide chaps (t),1,NA,NA
9028,Golden scarab,1,NA,NA
2942,Purple gloves,0,NA,NA
2940,Purple hat,1,NA,NA
1050,Santa hat,0,NA,NA
1053,Green halloween mask,0,NA,NA
5352,Unfired plant pot,1,NA,NA
5350,Empty plant pot,1,NA,NA
1059,Leather gloves,0,NA,NA
4310,Ham boots,1,NA,NA
4315,Team-1 cape,0,NA,NA
4317,Team-2 cape,0,NA,NA
4319,Team-3 cape,0,NA,NA
5741,Mature wmb,1,NA,NA
5743,Greenman's ale(m),1,NA,NA
5745,Dragon bitter(m),1,NA,NA
5747,Dwarven stout(m),1,NA,NA
5749,Moonlight mead(m),1,NA,NA
9380,Adamant bolts(unf),1,NA,NA
12536,Dragon plate/skirt ornament kit,1,NA,NA
12534,Dragon chainbody ornament kit,1,NA,NA
12532,Dragon sq shield ornament kit,1,NA,NA
12530,Light infinity colour kit,1,NA,NA
12538,Dragon full helm ornament kit,1,NA,NA
12492,Ancient d'hide,1,NA,NA
6667,Empty fishbowl,1,NA,NA
2370,Steel studs,1,NA,NA
1877,Ugthanki & onion,1,NA,NA
1875,Onion & tomato,1,NA,NA
1873,Chopped ugthanki,1,NA,NA
1871,Chopped onion,1,NA,NA
1879,Ugthanki & tomato,1,NA,NA
4944,Karil's leathertop 0,1,NA,NA
2118,Pineapple ring,1,NA,NA
2130,Pot of cream,1,NA,NA
2110,Orange chunks,1,NA,NA
2112,Orange slices,1,NA,NA
2114,Pineapple,1,NA,NA
2116,Pineapple chunks,1,NA,NA
1919,Beer glass,0,NA,NA
1911,Dragon bitter,1,NA,NA
5103,Dwellberry seed,1,NA,NA
1913,Dwarven stout,0,NA,NA
5101,Redberry seed,1,NA,NA
5106,Poison ivy seed,1,NA,NA
5104,Jangerberry seed,1,NA,NA
5105,Whiteberry seed,1,NA,NA
10496,Polished buttons,1,NA,NA
883,Bronze arrow(p),1,NA,NA
882,Bronze arrow,0,NA,NA
881,Barbed bolts,1,NA,NA
880,Pearl bolts,1,NA,NA
887,Steel arrow(p),1,NA,NA
886,Steel arrow,0,NA,NA
885,Iron arrow(p),1,NA,NA
884,Iron arrow,0,NA,NA
889,Mithril arrow(p),1,NA,NA
888,Mithril arrow,0,NA,NA
11398,Steel hasta(p++),1,NA,NA
353,Raw mackerel,1,NA,NA
351,Pike,0,NA,NA
9239,Topaz bolts (e),1,NA,NA
1269,Steel pickaxe,0,NA,NA
1263,Dragon spear(p),1,NA,NA
1261,Rune spear(p),1,NA,NA
664,Turquoise hat,1,NA,NA
662,Cream hat,1,NA,NA
1265,Bronze pickaxe,0,NA,NA
660,Blue hat,1,NA,NA
5102,Cadavaberry seed,1,NA,NA
8788,Magic stone,1,NA,NA
10012,Butterfly jar,1,NA,NA
8782,Mahogany plank,1,NA,NA
8780,Teak plank,1,NA,NA
5100,Limpwurt seed,1,NA,NA
8784,Gold leaf,1,NA,NA
1917,Beer,0,NA,NA
8431,Bagged plant 1,1,NA,NA
8433,Bagged plant 2,1,NA,NA
8435,Bagged plant 3,1,NA,NA
8437,Thorny hedge,1,NA,NA
8439,Nice hedge,1,NA,NA
12329,Red d'hide chaps (g),1,NA,NA
12776,Carrallangar teleport,1,NA,NA
12777,Dareeyak teleport,1,NA,NA
12771,Volcanic whip mix,1,NA,NA
8516,Beer barrel,1,NA,NA
8514,Mahogany bookcase,1,NA,NA
8512,Oak bookcase,1,NA,NA
4129,Adamant boots,1,NA,NA
8510,Bookcase,1,NA,NA
4123,Steel boots,1,NA,NA
12778,Ghorrock teleport,1,NA,NA
4121,Iron boots,1,NA,NA
4127,Mithril boots,1,NA,NA
4125,Black boots,1,NA,NA
12779,Kharyrll teleport,1,NA,NA
5688,Bronze dagger(p++),1,NA,NA
5686,Iron dagger(p++),1,NA,NA
5680,Dragon dagger(p+),1,NA,NA
5682,Black dagger(p+),1,NA,NA
11519,Hunting mix(1),1,NA,NA
11515,Magic mix(1),1,NA,NA
11517,Hunting mix(2),1,NA,NA
11511,Ranging mix(1),1,NA,NA
11513,Magic mix(2),1,NA,NA
5972,Papaya fruit,1,NA,NA
19672,Redwood pyre logs,1,NA,NA
5970,Curry leaf,1,NA,NA
5974,Coconut,1,NA,NA
13431,Sandworms,1,NA,NA
2587,Black full helm (t),0,NA,NA
2585,Black platelegs (t),0,NA,NA
2583,Black platebody (t),0,NA,NA
2581,Robin hood hat,1,NA,NA
2589,Black kiteshield (t),0,NA,NA
6055,Weeds,1,NA,NA
6051,Magic roots,1,NA,NA
10004,Hunter potion(1),1,NA,NA
10006,Bird snare,1,NA,NA
2639,Tan cavalier,1,NA,NA
10002,Hunter potion(2),1,NA,NA
2635,Black beret,1,NA,NA
2637,White beret,1,NA,NA
2631,Highwayman mask,1,NA,NA
2633,Blue beret,1,NA,NA
12359,Leprechaun hat,1,NA,NA
12353,Monocle,1,NA,NA
12351,Musketeer hat,1,NA,NA
12357,Katana,1,NA,NA
12355,Big pirate hat,1,NA,NA
9042,Stone seal,1,NA,NA
9040,Gold seal,1,NA,NA
9044,Pharaoh's sceptre (3),1,NA,NA
2961,Silver sickle,1,NA,NA
1079,Rune platelegs,0,NA,NA
5374,Magic sapling,1,NA,NA
5376,Basket,1,NA,NA
5371,Willow sapling,1,NA,NA
5370,Oak sapling,1,NA,NA
5373,Yew sapling,1,NA,NA
5372,Maple sapling,1,NA,NA
13004,Mithril trimmed set (lg),0,NA,NA
13006,Mithril trimmed set (sk),0,NA,NA
13000,Mithril set (lg),0,NA,NA
13002,Mithril set (sk),0,NA,NA
13008,Mithril gold-trimmed set (lg),0,NA,NA
4339,Team-13 cape,0,NA,NA
10286,Rune helm (h1),0,NA,NA
4337,Team-12 cape,0,NA,NA
4335,Team-11 cape,0,NA,NA
4333,Team-10 cape,0,NA,NA
4331,Team-9 cape,0,NA,NA
3138,Potato cactus,1,NA,NA
5769,Calquat keg,1,NA,NA
5767,Ale yeast,1,NA,NA
5765,Mature cider,1,NA,NA
5763,Cider,1,NA,NA
5761,Slayer's respite(m),1,NA,NA
12518,Green dragon mask,1,NA,NA
12514,Explorer backpack,1,NA,NA
12516,Pith helmet,1,NA,NA
12510,Armadyl chaps,1,NA,NA
12512,Armadyl coif,1,NA,NA
12631,Stamina potion(1),1,NA,NA
6601,White mace,1,NA,NA
12633,Stamina mix(2),1,NA,NA
6603,White magic staff,1,NA,NA
12635,Stamina mix(1),1,NA,NA
6605,White sword,1,NA,NA
6607,White longsword,1,NA,NA
6609,White 2h sword,1,NA,NA
12449,Black wizard robe (g),0,NA,NA
19532,Zenyte bracelet,1,NA,NA
19535,Zenyte necklace,1,NA,NA
1042,Blue partyhat,0,NA,NA
19538,Zenyte ring,1,NA,NA
2359,Mithril bar,0,NA,NA
2353,Steel bar,0,NA,NA
2351,Iron bar,0,NA,NA
2357,Gold bar,0,NA,NA
2355,Silver bar,0,NA,NA
4920,Guthan's platebody 0,1,NA,NA
4695,Mist rune,1,NA,NA
4926,Guthan's chainskirt 0,1,NA,NA
4697,Smoke rune,1,NA,NA
4699,Lava rune,1,NA,NA
4698,Mud rune,1,NA,NA
2138,Raw chicken,0,NA,NA
1793,Woad leaf,0,NA,NA
1267,Iron pickaxe,0,NA,NA
1791,Unfired bowl,0,NA,NA
1794,Bronze wire,1,NA,NA
6593,White dagger(p),1,NA,NA
6595,White dagger(p+),1,NA,NA
6597,White dagger(p++),1,NA,NA
6599,White halberd,1,NA,NA
9843,Oak cape rack,1,NA,NA
9847,Marble cape rack,1,NA,NA
9846,Gilded cape rack,1,NA,NA
9845,Mahogany cape rack,1,NA,NA
9844,Teak cape rack,1,NA,NA
9849,Oak toy box,1,NA,NA
9848,Magic cape rack,1,NA,NA
3093,Black dart,1,NA,NA
3096,Iron claws,1,NA,NA
3097,Steel claws,1,NA,NA
3094,Black dart(p),1,NA,NA
3095,Bronze claws,1,NA,NA
1249,Dragon spear,1,NA,NA
648,Green robe bottoms,1,NA,NA
3098,Black claws,1,NA,NA
3099,Mithril claws,1,NA,NA
1539,Steel nails,0,NA,NA
4101,Mystic robe top (dark),1,NA,NA
4103,Mystic robe bottom (dark),1,NA,NA
4105,Mystic gloves (dark),1,NA,NA
4107,Mystic boots (dark),1,NA,NA
4109,Mystic hat (light),1,NA,NA
10420,White elegant blouse,1,NA,NA
13508,Ensouled abyssal head,1,NA,NA
5952,Antidote++(4),1,NA,NA
5954,Antidote++(3),1,NA,NA
5956,Antidote++(2),1,NA,NA
5958,Antidote++(1),1,NA,NA
13502,Ensouled demon head,1,NA,NA
13505,Ensouled aviansie head,1,NA,NA
11808,Zamorak godsword,1,NA,NA
6038,Magic string,1,NA,NA
6032,Compost,1,NA,NA
6036,Plant cure,1,NA,NA
6034,Supercompost,1,NA,NA
10063,Desert camo legs,1,NA,NA
2659,Zamorak kiteshield,0,NA,NA
10061,Desert camo top,1,NA,NA
10067,Polar camo legs,1,NA,NA
10065,Polar camo top,1,NA,NA
2653,Zamorak platebody,0,NA,NA
2651,Pirate's hat,1,NA,NA
10069,Spotted cape,1,NA,NA
2657,Zamorak full helm,0,NA,NA
2655,Zamorak platelegs,0,NA,NA
7388,Blue skirt (t),0,NA,NA
7382,Blue d'hide chaps (g),1,NA,NA
13451,Ensouled monkey head,1,NA,NA
7380,Green d'hide chaps (t),0,NA,NA
7386,Blue skirt (g),0,NA,NA
7384,Blue d'hide chaps (t),1,NA,NA
12371,Lava dragon mask,1,NA,NA
12373,Dragon cane,1,NA,NA
12375,Black cane,1,NA,NA
12377,Adamant cane,1,NA,NA
12379,Rune cane,1,NA,NA
10284,Magic comp bow,1,NA,NA
10282,Yew comp bow,1,NA,NA
10280,Willow comp bow,0,NA,NA
3034,Agility potion(3),1,NA,NA
2902,Grey gloves,0,NA,NA
2900,Grey hat,1,NA,NA
147,Super attack(2),1,NA,NA
2908,Red robe bottoms,1,NA,NA
11889,Zamorakian hasta,1,NA,NA
5319,Onion seed,1,NA,NA
5318,Potato seed,1,NA,NA
5313,Willow seed,1,NA,NA
5312,Acorn,1,NA,NA
5311,Wildblood seed,1,NA,NA
5310,Krandorian seed,1,NA,NA
5316,Magic seed,1,NA,NA
5315,Yew seed,1,NA,NA
5314,Maple seed,1,NA,NA
13022,Adamant gold-trimmed set (sk),0,NA,NA
13020,Adamant gold-trimmed set (lg),0,NA,NA
13026,Rune armour set (sk),0,NA,NA
13024,Rune armour set (lg),0,NA,NA
13028,Rune trimmed set (lg),0,NA,NA
1631,Uncut dragonstone,1,NA,NA
3157,Karambwan vessel,1,NA,NA
3159,Karambwan vessel,1,NA,NA
11085,Ruby bracelet,1,NA,NA
1635,Gold ring,0,NA,NA
1637,Sapphire ring,0,NA,NA
2485,Grimy lantadyme,1,NA,NA
8574,Gilded bench,1,NA,NA
8576,Wooden bed,1,NA,NA
8570,Carved teak bench,1,NA,NA
8572,Mahogany bench,1,NA,NA
8578,Oak bed,1,NA,NA
2481,Lantadyme,1,NA,NA
7400,Enchanted hat,1,NA,NA
569,Fire orb,1,NA,NA
12619,Armadyl page 3,1,NA,NA
6629,White gloves,1,NA,NA
12617,Armadyl page 1,1,NA,NA
6627,White plateskirt,1,NA,NA
12615,Bandos page 3,1,NA,NA
6625,White platelegs,1,NA,NA
12613,Bandos page 1,1,NA,NA
6623,White full helm,1,NA,NA
6621,White med helm,1,NA,NA
564,Cosmic rune,0,NA,NA
19553,Amulet of torture,1,NA,NA
565,Blood rune,1,NA,NA
4714,Ahrim's robeskirt,1,NA,NA
4716,Dharok's helm,1,NA,NA
4710,Ahrim's staff,1,NA,NA
4712,Ahrim's robetop,1,NA,NA
2337,Raw oomlie,1,NA,NA
12504,Bandos coif,1,NA,NA
4718,Dharok's greataxe,1,NA,NA
4908,Guthan's helm 0,1,NA,NA
4675,Ancient staff,1,NA,NA
121,Attack potion(3),1,NA,NA
123,Attack potion(2),1,NA,NA
125,Attack potion(1),1,NA,NA
127,Restore potion(3),1,NA,NA
129,Restore potion(2),1,NA,NA
1187,Dragon sq shield,1,NA,NA
1185,Rune sq shield,0,NA,NA
1183,Adamant sq shield,0,NA,NA
10342,3rd age mage hat,1,NA,NA
1181,Mithril sq shield,0,NA,NA
10344,3rd age amulet,1,NA,NA
10402,Black elegant legs,1,NA,NA
12640,Amylase crystal,1,NA,NA
12642,Lumberyard teleport,1,NA,NA
7650,Silver dust,1,NA,NA
9861,Mahogany armour case,1,NA,NA
9860,Teak armour case,1,NA,NA
9863,Teak treasure chest,1,NA,NA
9862,Oak treasure chest,1,NA,NA
9865,Oak fancy dress box,1,NA,NA
9864,M. treasure chest,1,NA,NA
9867,Mahogany fancy dress box,1,NA,NA
9866,Teak fancy dress box,1,NA,NA
1519,Willow logs,0,NA,NA
1515,Yew logs,0,NA,NA
1517,Maple logs,0,NA,NA
1511,Logs,0,NA,NA
1513,Magic logs,1,NA,NA
11838,Saradomin sword,1,NA,NA
11836,Bandos boots,1,NA,NA
263,Kwuarm,1,NA,NA
261,Avantoe,1,NA,NA
267,Dwarf weed,1,NA,NA
265,Cadantine,1,NA,NA
269,Torstol,1,NA,NA
6010,Marigolds,1,NA,NA
6012,Nasturtiums,1,NA,NA
6014,Rosemary,1,NA,NA
6016,Cactus spine,1,NA,NA
6018,Poison ivy berries,1,NA,NA
10049,Graahk top,1,NA,NA
989,Crystal key,1,NA,NA
983,Brass key,0,NA,NA
981,Disk of returning,0,NA,NA
987,Loop half of key,1,NA,NA
985,Tooth half of key,1,NA,NA
12399,Partyhat & specs,1,NA,NA
12397,Royal crown,1,NA,NA
12395,Royal gown bottom,1,NA,NA
12393,Royal gown top,1,NA,NA
12391,Gilded boots,1,NA,NA
2671,Guthix platelegs,0,NA,NA
2673,Guthix full helm,0,NA,NA
2675,Guthix kiteshield,0,NA,NA
1209,Mithril dagger,0,NA,NA
2928,Teal robe bottoms,1,NA,NA
2920,Yellow hat,1,NA,NA
2922,Yellow gloves,0,NA,NA
2924,Teal boots,1,NA,NA
2926,Teal robe top,1,NA,NA
5331,Watering can,1,NA,NA
13048,Guthix armour set (lg),0,NA,NA
13040,Saradomin armour set (lg),0,NA,NA
13042,Saradomin armour set (sk),0,NA,NA
13044,Zamorak armour set (lg),0,NA,NA
13046,Zamorak armour set (sk),0,NA,NA
1165,Black full helm,0,NA,NA
1167,Leather cowl,0,NA,NA
1161,Adamant full helm,0,NA,NA
1163,Rune full helm,0,NA,NA
1169,Coif,0,NA,NA
1367,Black battleaxe,0,NA,NA
2034,Premade fr' blast,1,NA,NA
1365,Steel battleaxe,0,NA,NA
1363,Iron battleaxe,0,NA,NA
1361,Black axe,0,NA,NA
8552,Carved oak table,1,NA,NA
8550,Oak dining table,1,NA,NA
8008,Lumbridge teleport,1,NA,NA
8009,Falador teleport,1,NA,NA
8554,Teak table,1,NA,NA
8007,Varrock teleport,1,NA,NA
9382,Silver bolts (unf),1,NA,NA
2032,Premade dr' dragon,1,NA,NA
7468,Pot of cornflour,1,NA,NA
7466,Cornflour,0,NA,NA
1869,Chopped tomato,1,NA,NA
2030,Premade choc s'dy,1,NA,NA
10891,Wooden cat,1,NA,NA
4932,Karil's coif 0,1,NA,NA
4732,Karil's coif,1,NA,NA
4730,Guthan's chainskirt,1,NA,NA
4736,Karil's leathertop,1,NA,NA
4734,Karil's crossbow,1,NA,NA
2319,Uncooked meat pie,0,NA,NA
2317,Uncooked apple pie,0,NA,NA
4738,Karil's leatherskirt,1,NA,NA
2315,Pie shell,0,NA,NA
2313,Pie dish,0,NA,NA
5857,Dwarven stout(m4),1,NA,NA
3773,Fremennik red shirt,1,NA,NA
3771,Fremennik beige shirt,1,NA,NA
3777,Fremennik red cloak,1,NA,NA
3775,Fremennik blue shirt,1,NA,NA
3779,Fremennik grey cloak,1,NA,NA
19572,Iron javelin heads,1,NA,NA
19570,Bronze javelin heads,1,NA,NA
109,Dwarf weed potion (unf),1,NA,NA
103,Avantoe potion (unf),1,NA,NA
101,Irit potion (unf),1,NA,NA
107,Cadantine potion (unf),1,NA,NA
105,Kwuarm potion (unf),1,NA,NA
10386,Saradomin d'hide,1,NA,NA
10384,Saradomin bracers,1,NA,NA
10382,Guthix coif,1,NA,NA
10380,Guthix chaps,1,NA,NA
10000,Hunter potion(3),1,NA,NA
10388,Saradomin chaps,1,NA,NA
6809,Granite legs,1,NA,NA
9745,Combat potion(1),1,NA,NA
9741,Combat potion(3),1,NA,NA
9743,Combat potion(2),1,NA,NA
8837,Timber beam,1,NA,NA
1759,Ball of wool,0,NA,NA
1757,Brown apron,0,NA,NA
1755,Chisel,0,NA,NA
1753,Green dragonhide,1,NA,NA
1751,Blue dragonhide,1,NA,NA
1285,Mithril sword,0,NA,NA
1287,Adamant sword,0,NA,NA
1281,Steel sword,0,NA,NA
1283,Black sword,0,NA,NA
1289,Rune sword,0,NA,NA
1573,Doogle leaves,1,NA,NA
12877,Dharok's armour set,1,NA,NA
8500,Rocking chair,1,NA,NA
12875,Verac's armour set,1,NA,NA
8502,Oak chair,1,NA,NA
12873,Guthan's armour set,1,NA,NA
8504,Oak armchair,1,NA,NA
12871,Black dragonhide set,1,NA,NA
5629,Iron dart(p+),1,NA,NA
5628,Bronze dart(p+),1,NA,NA
5627,Rune arrow(p++),1,NA,NA
5626,Adamant arrow(p++),1,NA,NA
5625,Mithril arrow(p++),1,NA,NA
5624,Steel arrow(p++),1,NA,NA
5623,Iron arrow(p++),1,NA,NA
5622,Bronze arrow(p++),1,NA,NA
5621,Rune arrow(p+),1,NA,NA
5620,Adamant arrow(p+),1,NA,NA
8496,Crude chair,1,NA,NA
8498,Wooden chair,1,NA,NA
5994,Hammerstone hops,1,NA,NA
5996,Asgarnian hops,1,NA,NA
5992,Apple mush,1,NA,NA
5998,Yanillian hops,1,NA,NA
1245,Adamant spear,1,NA,NA
245,Wine of zamorak,0,NA,NA
247,Jangerberries,1,NA,NA
241,Dragon scale dust,1,NA,NA
243,Blue dragon scale,1,NA,NA
249,Guam leaf,1,NA,NA
12007,Jar of dirt,1,NA,NA
12004,Kraken tentacle,1,NA,NA
12002,Occult necklace,1,NA,NA
12000,Mystic smoke staff,1,NA,NA
9241,Emerald bolts (e),1,NA,NA
9240,Sapphire bolts (e),1,NA,NA
9243,Diamond bolts (e),1,NA,NA
9242,Ruby bolts (e),1,NA,NA
9245,Onyx bolts (e),1,NA,NA
9244,Dragon bolts (e),1,NA,NA
13066,Super potion set,1,NA,NA
13064,Combat potion set,1,NA,NA
13062,Ancient rune armour set (sk),0,NA,NA
13060,Ancient rune armour set (lg),0,NA,NA
11371,Steel hasta,1,NA,NA
1143,Mithril med helm,0,NA,NA
1141,Steel med helm,0,NA,NA
1147,Rune med helm,0,NA,NA
1145,Adamant med helm,0,NA,NA
1149,Dragon med helm,1,NA,NA
1745,Green dragon leather,1,NA,NA
7198,Admiral pie,1,NA,NA
7196,Raw admiral pie,1,NA,NA
12472,Armadyl platelegs,0,NA,NA
12829,Spirit shield,1,NA,NA
8020,Enchant dragonstn.,1,NA,NA
8021,Enchant onyx,1,NA,NA
7441,Frying pan,1,NA,NA
7443,Skewer,1,NA,NA
7445,Rolling pin,1,NA,NA
6404,Menaphite red robe,1,NA,NA
7447,Kitchen knife,1,NA,NA
7449,Meat tenderiser,1,NA,NA
12474,Armadyl plateskirt,0,NA,NA
12478,Armadyl kiteshield,0,NA,NA
383,Raw shark,1,NA,NA
385,Shark,1,NA,NA
389,Raw manta ray,1,NA,NA
4759,Verac's plateskirt,1,NA,NA
1369,Mithril battleaxe,0,NA,NA
4751,Torag's platelegs,1,NA,NA
4753,Verac's helm,1,NA,NA
4755,Verac's flail,1,NA,NA
4757,Verac's brassard,1,NA,NA
5873,Greenmans ale(m4),1,NA,NA
1077,Black platelegs,0,NA,NA
3759,Fremennik cyan cloak,1,NA,NA
1075,Bronze platelegs,0,NA,NA
3751,Berserker helm,1,NA,NA
3753,Warrior helm,1,NA,NA
3755,Farseer helm,1,NA,NA
1073,Adamant platelegs,0,NA,NA
2191,Worm hole,1,NA,NA
2195,Veg ball,1,NA,NA
1071,Mithril platelegs,0,NA,NA
19598,Incomplete heavy ballista,1,NA,NA
19595,Incomplete light ballista,1,NA,NA
19592,Ballista limbs,1,NA,NA
169,Ranging potion(3),1,NA,NA
165,Super defence(2),1,NA,NA
167,Super defence(1),1,NA,NA
161,Super strength(1),1,NA,NA
163,Super defence(3),1,NA,NA
9187,Jade bolt tips,1,NA,NA
9185,Rune crossbow,1,NA,NA
9183,Adamant crossbow,1,NA,NA
9181,Mith crossbow,1,NA,NA
10366,Amulet of magic (t),0,NA,NA
9188,Topaz bolt tips,1,NA,NA
7208,Wild pie,1,NA,NA
7206,Raw wild pie,1,NA,NA
12213,Bronze kiteshield (g),0,NA,NA
12211,Bronze full helm (g),0,NA,NA
12217,Bronze platelegs (t),0,NA,NA
12215,Bronze platebody (t),0,NA,NA
12219,Bronze plateskirt (t),0,NA,NA
809,Mithril dart,1,NA,NA
808,Steel dart,1,NA,NA
803,Mithril thrownaxe,1,NA,NA
802,Steel thrownaxe,1,NA,NA
801,Iron thrownaxe,1,NA,NA
800,Bronze thrownaxe,1,NA,NA
807,Iron dart,1,NA,NA
806,Bronze dart,1,NA,NA
805,Rune thrownaxe,1,NA,NA
804,Adamant thrownaxe,1,NA,NA
10416,Purple elegant shirt,1,NA,NA
11240,Young impling jar,1,NA,NA
10414,Green elegant legs,1,NA,NA
10412,Green elegant shirt,1,NA,NA
1775,Molten glass,1,NA,NA
1777,Bow string,1,NA,NA
1771,Green dye,0,NA,NA
1773,Purple dye,0,NA,NA
10410,Blue elegant legs,1,NA,NA
1779,Flax,1,NA,NA
9287,Iron bolts (p),1,NA,NA
11943,Lava dragon bones,1,NA,NA
1550,Garlic,0,NA,NA
1552,Seasoned sardine,1,NA,NA
3038,Agility potion(1),1,NA,NA
3036,Agility potion(2),1,NA,NA
3030,Super restore(1),1,NA,NA
3032,Agility potion(4),1,NA,NA
11105,Skills necklace(4),1,NA,NA
6420,Maple blackjack(d),1,NA,NA
4694,Steam rune,1,NA,NA
10310,Black helm (h3),0,NA,NA
6764,Zamorak mjolnir,1,NA,NA
6762,Saradomin mjolnir,1,NA,NA
6760,Guthix mjolnir,1,NA,NA
9978,Raw bird meat,1,NA,NA
11798,Godsword blade,1,NA,NA
229,Vial,0,NA,NA
227,Vial of water,0,NA,NA
225,Limpwurt root,0,NA,NA
223,Red spiders' eggs,0,NA,NA
221,Eye of newt,0,NA,NA
2509,Black dragon leather,1,NA,NA
2507,Red dragon leather,1,NA,NA
2505,Blue dragon leather,1,NA,NA
2503,Black d'hide body,1,NA,NA
2501,Red d'hide body,1,NA,NA
5048,Skirt,1,NA,NA
5046,Shorts,1,NA,NA
5044,Shorts,1,NA,NA
5042,Shorts,1,NA,NA
5040,Trousers,1,NA,NA
11828,Armadyl chestplate,1,NA,NA
11824,Zamorakian spear,1,NA,NA
11826,Armadyl helmet,1,NA,NA
11820,Godsword shard 2,1,NA,NA
11822,Godsword shard 3,1,NA,NA
1257,Mithril spear(p),1,NA,NA
1255,Steel spear(p),1,NA,NA
1521,Oak logs,0,NA,NA
1523,Lockpick,1,NA,NA
1993,Jug of wine,0,NA,NA
3204,Dragon halberd,1,NA,NA
3200,Adamant halberd,1,NA,NA
1129,Leather body,0,NA,NA
1121,Mithril platebody,0,NA,NA
1123,Adamant platebody,0,NA,NA
1125,Black platebody,0,NA,NA
1127,Rune platebody,0,NA,NA
12598,Holy sandals,1,NA,NA
8518,Cider barrel,1,NA,NA
12849,Granite clamp,1,NA,NA
12846,Bounty teleport scroll,1,NA,NA
2864,Ogre arrow shaft,1,NA,NA
2865,Flighted ogre arrow,1,NA,NA
4773,Bronze brutal,1,NA,NA
4778,Iron brutal,1,NA,NA
5817,Moonlight mead(4),1,NA,NA
10354,Amulet of glory (t4),1,NA,NA
10352,3rd age kiteshield,1,NA,NA
13573,Dynamite,1,NA,NA
5458,Onions(10),1,NA,NA
145,Super attack(3),1,NA,NA
143,Prayer potion(1),1,NA,NA
141,Prayer potion(2),1,NA,NA
149,Super attack(1),1,NA,NA
7223,Roast rabbit,1,NA,NA
7225,Iron spit,1,NA,NA
7228,Cooked chompy,1,NA,NA
10340,3rd age robe,1,NA,NA
10346,3rd age platelegs,1,NA,NA
9174,Bronze crossbow,1,NA,NA
12279,Mithril platelegs (g),0,NA,NA
12271,Bandos mitre,1,NA,NA
12273,Bandos cloak,1,NA,NA
12275,Bandos crozier,1,NA,NA
12277,Mithril platebody (g),0,NA,NA
8872,Bone dagger,1,NA,NA
8874,Bone dagger (p),1,NA,NA
8876,Bone dagger (p+),1,NA,NA
8878,Bone dagger (p++),1,NA,NA
829,Adamant javelin,1,NA,NA
828,Mithril javelin,1,NA,NA
825,Bronze javelin,1,NA,NA
824,Rune dart tip,1,NA,NA
827,Steel javelin,1,NA,NA
826,Iron javelin,1,NA,NA
821,Steel dart tip,1,NA,NA
820,Iron dart tip,1,NA,NA
823,Adamant dart tip,1,NA,NA
822,Mithril dart tip,1,NA,NA
1712,Amulet of glory(4),1,NA,NA
1714,Unstrung symbol,0,NA,NA
1718,Holy symbol,0,NA,NA
11126,Combat bracelet,1,NA,NA
11128,Berserker necklace,1,NA,NA
3018,Super energy(3),1,NA,NA
3012,Energy potion(2),1,NA,NA
3010,Energy potion(3),1,NA,NA
3016,Super energy(4),1,NA,NA
3014,Energy potion(1),1,NA,NA
5663,Steel knife(p++),1,NA,NA
5662,Iron knife(p++),1,NA,NA
5661,Bronze knife(p++),1,NA,NA
5660,Rune knife(p+),1,NA,NA
5667,Rune knife(p++),1,NA,NA
5666,Adamant knife(p++),1,NA,NA
5665,Black knife(p++),1,NA,NA
5664,Mithril knife(p++),1,NA,NA
5668,Iron dagger(p+),1,NA,NA
10330,3rd age range top,1,NA,NA
6402,Menaphite red top,1,NA,NA
10,Cannon barrels,1,NA,NA
6400,Menaphite red hat,1,NA,NA
12,Cannon furnace,1,NA,NA
6406,Menaphite red kilt,1,NA,NA
6408,Oak blackjack(o),1,NA,NA
7765,Toy doll (wound),1,NA,NA
7767,Toy mouse,1,NA,NA
7761,Toy soldier (wound),1,NA,NA
7763,Toy doll,1,NA,NA
7769,Toy mouse (wound),1,NA,NA
9381,Runite bolts (unf),1,NA,NA
201,Grimy marrentill,1,NA,NA
832,Iron javelin(p),1,NA,NA
203,Grimy tarromin,1,NA,NA
205,Grimy harralander,1,NA,NA
207,Grimy ranarr weed,1,NA,NA
833,Steel javelin(p),1,NA,NA
209,Grimy irit leaf,1,NA,NA
830,Rune javelin,1,NA,NA
831,Bronze javelin(p),1,NA,NA
836,Rune javelin(p),1,NA,NA
834,Mithril javelin(p),1,NA,NA
835,Adamant javelin(p),1,NA,NA
8880,Dorgeshuun crossbow,1,NA,NA
2524,Black toy horsey,0,NA,NA
2526,Grey toy horsey,0,NA,NA
2520,Brown toy horsey,0,NA,NA
2522,White toy horsey,0,NA,NA
11465,Prayer mix(2),1,NA,NA
11467,Prayer mix(1),1,NA,NA
11461,Agility mix(2),1,NA,NA
11463,Agility mix(1),1,NA,NA
10338,3rd age robe top,1,NA,NA
11469,Superattack mix(2),1,NA,NA
4409,Team-48 cape,0,NA,NA
4405,Team-46 cape,0,NA,NA
4407,Team-47 cape,0,NA,NA
4401,Team-44 cape,0,NA,NA
4403,Team-45 cape,0,NA,NA
5396,Oranges(5),1,NA,NA
11802,Armadyl godsword,1,NA,NA
11806,Saradomin godsword,1,NA,NA
11804,Bandos godsword,1,NA,NA
12825,Arcane spirit shield,1,NA,NA
7451,Cleaver,1,NA,NA
1371,Adamant battleaxe,0,NA,NA
7159,Insulated boots,1,NA,NA
7158,Dragon 2h sword,1,NA,NA
1373,Rune battleaxe,0,NA,NA
403,Edible seaweed,1,NA,NA
8602,Teak dresser,1,NA,NA
12863,Dwarf cannon set,1,NA,NA
13391,Lizardman fang,1,NA,NA
401,Seaweed,1,NA,NA
11874,Broad arrowheads,1,NA,NA
2898,Grey robe bottoms,1,NA,NA
2894,Grey boots,1,NA,NA
2896,Grey robe top,1,NA,NA
2890,Elemental shield,1,NA,NA
1454,Cosmic talisman,1,NA,NA
1107,Black chainbody,0,NA,NA
1456,Death talisman,1,NA,NA
1105,Steel chainbody,0,NA,NA
1452,Chaos talisman,1,NA,NA
1101,Iron chainbody,0,NA,NA
1109,Mithril chainbody,0,NA,NA
1897,Chocolate cake,0,NA,NA
1891,Cake,0,NA,NA
2136,Raw bear meat,0,NA,NA
2134,Raw rat meat,0,NA,NA
4798,Adamant brutal,1,NA,NA
2132,Raw beef,0,NA,NA
4793,Mithril brutal,1,NA,NA
5833,Chef's delight(4),1,NA,NA
11256,Dragon impling jar,1,NA,NA
11254,Ninja impling jar,1,NA,NA
4696,Dust rune,1,NA,NA
11252,Magpie impling jar,1,NA,NA
8604,Fancy teak dresser,1,NA,NA
11785,Armadyl crossbow,1,NA,NA
11787,Steam battlestaff,1,NA,NA
11789,Mystic steam staff,1,NA,NA
12789,Clue box,1,NA,NA
12781,Paddewwa teleport,1,NA,NA
12780,Lassar teleport,1,NA,NA
12783,Ring of wealth scroll,1,NA,NA
12782,Senntisten teleport,1,NA,NA
12786,Magic shortbow scroll,1,NA,NA
10324,Bob's purple shirt,1,NA,NA
10327,White firelighter,1,NA,NA
10326,Purple firelighter,1,NA,NA
12257,Armadyl stole,1,NA,NA
12255,Armadyl robe legs,1,NA,NA
12253,Armadyl robe top,1,NA,NA
12251,Goblin mask,1,NA,NA
12259,Armadyl mitre,1,NA,NA
9729,Elemental helmet,1,NA,NA
847,Willow longbow,0,NA,NA
845,Oak longbow,0,NA,NA
843,Oak shortbow,0,NA,NA
841,Shortbow,0,NA,NA
849,Willow shortbow,0,NA,NA
1739,Cowhide,0,NA,NA
1731,Amulet of power,0,NA,NA
1733,Needle,0,NA,NA
1735,Shears,0,NA,NA
1734,Thread,0,NA,NA
1737,Wool,0,NA,NA
1595,Amulet mould,0,NA,NA
1597,Necklace mould,0,NA,NA
1592,Ring mould,0,NA,NA
1599,Holy mould,0,NA,NA
5649,Iron javelin(p++),1,NA,NA
5648,Bronze javelin(p++),1,NA,NA
5641,Rune dart(p++),1,NA,NA
5640,Adamant dart(p++),1,NA,NA
5643,Iron javelin(p+),1,NA,NA
5642,Bronze javelin(p+),1,NA,NA
5645,Mithril javelin(p+),1,NA,NA
5644,Steel javelin(p+),1,NA,NA
5647,Rune javelin(p+),1,NA,NA
5646,Adamant javelin(p+),1,NA,NA
12867,Blue dragonhide set,1,NA,NA
12490,Ancient bracers,1,NA,NA
12869,Red dragonhide set,1,NA,NA
10973,Light orb,1,NA,NA
19493,Zenyte,1,NA,NA
6724,Seercull,1,NA,NA
6729,Dagannoth bones,1,NA,NA
453,Coal,0,NA,NA
12494,Ancient chaps,1,NA,NA
10350,3rd age full helmet,1,NA,NA
13499,Ensouled tzhaar head,1,NA,NA
12496,Ancient coif,1,NA,NA
3678,Flamtaer hammer,1,NA,NA
12804,Saradomin's tear,1,NA,NA
11443,Strength mix(2),1,NA,NA
11441,Strength mix(1),1,NA,NA
11447,Combat mix(1),1,NA,NA
11445,Combat mix(2),1,NA,NA
11449,Restore mix(2),1,NA,NA
1103,Bronze chainbody,0,NA,NA
5003,Cave eel,1,NA,NA
12802,Ward upgrade kit,1,NA,NA
4423,Guthix rest(1),1,NA,NA
4421,Guthix rest(2),1,NA,NA
12596,Rangers' tunic,1,NA,NA
13493,Ensouled dagannoth head,1,NA,NA
12800,Dragon pickaxe upgrade kit,1,NA,NA
13490,Ensouled kalphite head,1,NA,NA
7176,Raw garden pie,1,NA,NA
7170,Mud pie,1,NA,NA
7178,Garden pie,1,NA,NA
2916,Yellow robe top,1,NA,NA
1696,Emerald amulet,0,NA,NA
1694,Sapphire amulet,0,NA,NA
1692,Gold amulet,0,NA,NA
1698,Ruby amulet,0,NA,NA
12885,Jar of sand,1,NA,NA
12883,Karil's armour set,1,NA,NA
12881,Ahrim's armour set,1,NA,NA
1472,Yellow bead,0,NA,NA
1470,Red bead,0,NA,NA
1476,White bead,0,NA,NA
1474,Black bead,0,NA,NA
1478,Amulet of accuracy,0,NA,NA
8624,Crystal ball,1,NA,NA
4224,New crystal shield,1,NA,NA
28,Insect repellent,1,NA,NA
1069,Steel platelegs,0,NA,NA
1061,Leather boots,0,NA,NA
1063,Leather vambraces,0,NA,NA
19486,Dragon javelin(p),1,NA,NA
1065,Green d'hide vamb,0,NA,NA
19484,Dragon javelin,1,NA,NA
1067,Iron platelegs,0,NA,NA
19574,Steel javelin heads,1,NA,NA
2289,Plain pizza,0,NA,NA
2281,Vegetable batta,1,NA,NA
2283,Pizza base,0,NA,NA
19488,Dragon javelin(p+),1,NA,NA
12311,Purple boater,1,NA,NA
6733,Archers ring,1,NA,NA
4535,Empty oil lantern,1,NA,NA
6735,Warrior ring,1,NA,NA
4825,Unstrung comp bow,1,NA,NA
6591,White dagger,1,NA,NA
10306,Black helm (h1),0,NA,NA
6737,Berserker ring,1,NA,NA
10302,Adamant helm (h4),0,NA,NA
4823,Adamantite nails,1,NA,NA
7919,Bottle of wine,1,NA,NA
4532,Candle lantern,1,NA,NA
6289,Snakeskin,1,NA,NA
6285,Thatch spar dense,1,NA,NA
6287,Snake hide,1,NA,NA
6281,Thatch spar light,1,NA,NA
6283,Thatch spar med,1,NA,NA
8506,Teak armchair,1,NA,NA
183,Superantipoison(2),1,NA,NA
181,Superantipoison(3),1,NA,NA
187,Weapon poison,1,NA,NA
185,Superantipoison(1),1,NA,NA
189,Zamorak brew(3),1,NA,NA
10018,Sapphire glacialis,1,NA,NA
869,Black knife,1,NA,NA
868,Rune knife,1,NA,NA
3448,Magic pyre logs,1,NA,NA
861,Magic shortbow,1,NA,NA
3444,Maple pyre logs,1,NA,NA
863,Iron knife,1,NA,NA
3446,Yew pyre logs,1,NA,NA
865,Steel knife,1,NA,NA
3440,Oak pyre logs,1,NA,NA
867,Adamant knife,1,NA,NA
866,Mithril knife,1,NA,NA
2025,Cocktail shaker,1,NA,NA
2026,Cocktail glass,1,NA,NA
2021,Brandy,1,NA,NA
2023,Cocktail guide,1,NA,NA
2028,Premade blurb' sp.,1,NA,NA
10400,Black elegant shirt,1,NA,NA
10150,Noose wand,1,NA,NA
11250,Nature impling jar,1,NA,NA
10404,Red elegant shirt,1,NA,NA
12319,Crier hat,1,NA,NA
3054,Mystic lava staff,1,NA,NA
3053,Lava battlestaff,1,NA,NA
3051,Grimy snapdragon,1,NA,NA
8,Cannon stand,1,NA,NA
1317,Adamant 2h sword,0,NA,NA
1315,Mithril 2h sword,0,NA,NA
1313,Black 2h sword,0,NA,NA
1311,Steel 2h sword,0,NA,NA
10010,Butterfly net,1,NA,NA
1319,Rune 2h sword,0,NA,NA
6914,Master wand,1,NA,NA
6916,Infinity top,1,NA,NA
12434,Top hat & monocle,1,NA,NA
6910,Apprentice wand,1,NA,NA
12432,Top hat,1,NA,NA
6912,Teacher wand,1,NA,NA
12430,Afro,1,NA,NA
6918,Infinity hat,1,NA,NA
19478,Light ballista,1,NA,NA
6701,Baked potato,1,NA,NA
6703,Potato with butter,1,NA,NA
6705,Potato with cheese,1,NA,NA
2568,Ring of forging,1,NA,NA
11429,Attack mix(2),1,NA,NA
5028,Woven top,1,NA,NA
5024,Woven top,1,NA,NA
5026,Woven top,1,NA,NA
4440,Pot lid,1,NA,NA
960,Plank,0,NA,NA
962,Christmas cracker,0,NA,NA
10093,Tatty larupia fur,1,NA,NA
1241,Steel spear,1,NA,NA
1243,Mithril spear,1,NA,NA
642,Cream robe top,1,NA,NA
10466,Guthix robe legs,1,NA,NA
10464,Saradomin robe legs,1,NA,NA
10462,Guthix robe top,1,NA,NA
10460,Zamorak robe top,1,NA,NA
10468,Zamorak robe legs,1,NA,NA
1965,Cabbage,0,NA,NA
11840,Dragon boots,1,NA,NA
640,Blue robe top,1,NA,NA
1613,Red topaz,1,NA,NA
7112,Pirate bandana,1,NA,NA
7110,Stripy pirate shirt,1,NA,NA
7116,Pirate leggings,1,NA,NA
7114,Pirate boots,1,NA,NA
1611,Jade,1,NA,NA
1679,Ruby amulet (u),0,NA,NA
1675,Sapphire amulet (u),0,NA,NA
1677,Emerald amulet (u),0,NA,NA
1673,Gold amulet (u),0,NA,NA
644,Turquoise robe top,1,NA,NA
4207,Crystal seed,1,NA,NA
646,Pink robe bottoms,1,NA,NA
309,Fly fishing rod,0,NA,NA
301,Lobster pot,0,NA,NA
303,Small fishing net,0,NA,NA
305,Big fishing net,1,NA,NA
307,Fishing rod,0,NA,NA
11212,Dragon arrow,1,NA,NA
10320,Bob's green shirt,1,NA,NA
10322,Bob's black shirt,1,NA,NA
4890,Dharok's greataxe 0,1,NA,NA
4896,Dharok's platebody 0,1,NA,NA
10378,Guthix dragonhide,1,NA,NA
10927,Sanfew serum(3),1,NA,NA
10925,Sanfew serum(4),1,NA,NA
10929,Sanfew serum(2),1,NA,NA
7936,Pure essence,0,NA,NA
7939,Tortoise shell,1,NA,NA
9142,Mithril bolts,1,NA,NA
9143,Adamant bolts,1,NA,NA
9140,Iron bolts,1,NA,NA
12299,White headband,1,NA,NA
9141,Steel bolts,1,NA,NA
12293,Mithril full helm (t),0,NA,NA
12291,Mithril kiteshield (t),0,NA,NA
12297,Black pickaxe,0,NA,NA
12295,Mithril plateskirt (t),0,NA,NA
9144,Runite bolts,1,NA,NA
9145,Silver bolts,1,NA,NA
12622,Ancient page 2,1,NA,NA
3428,Olive oil(1),1,NA,NA
3422,Olive oil(4),1,NA,NA
3420,Limestone brick,1,NA,NA
3426,Olive oil(2),1,NA,NA
3424,Olive oil(3),1,NA,NA
2003,Stew,0,NA,NA
2007,Spice,1,NA,NA
4587,Dragon scimitar,1,NA,NA
4580,Black spear,1,NA,NA
4850,Ogre coffin key,1,NA,NA
12482,Bandos platelegs,0,NA,NA
12624,Ancient page 4,1,NA,NA
12480,Bandos platebody,0,NA,NA
8628,Crystal of power,1,NA,NA
11980,Ring of wealth (5),1,NA,NA
10589,Granite helm,1,NA,NA
13161,Zamorak dragonhide set,1,NA,NA
8626,Elemental sphere,1,NA,NA
13165,Guthix dragonhide set,1,NA,NA
8620,Mahogany wardrobe,1,NA,NA
8622,Gilded wardrobe,1,NA,NA
1087,Bronze plateskirt,0,NA,NA
1085,Mithril plateskirt,0,NA,NA
1083,Steel plateskirt,0,NA,NA
1081,Iron plateskirt,0,NA,NA
1089,Black plateskirt,0,NA,NA
12984,Steel set (lg),0,NA,NA
12982,Iron gold-trimmed set (sk),0,NA,NA
12980,Iron gold-trimmed set (lg),0,NA,NA
12988,Black set (lg),0,NA,NA
449,Adamantite ore,0,NA,NA
1339,Steel warhammer,0,NA,NA
1335,Iron warhammer,0,NA,NA
442,Silver ore,0,NA,NA
1337,Bronze warhammer,0,NA,NA
440,Iron ore,0,NA,NA
1331,Adamant scimitar,0,NA,NA
1333,Rune scimitar,0,NA,NA
444,Gold ore,0,NA,NA
30,Bucket of wax,1,NA,NA
36,Candle,1,NA,NA
5793,Greenmans ale(4),1,NA,NA
11407,Adamant hasta(p),1,NA,NA
11405,Mithril hasta(p++),1,NA,NA
11403,Mithril hasta(p+),1,NA,NA
11400,Mithril hasta(p),1,NA,NA
19578,Adamant javelin heads,1,NA,NA
4460,Cup of hot water,1,NA,NA
948,Bear fur,0,NA,NA
946,Knife,0,NA,NA
6326,Snakeskin bandana,1,NA,NA
6324,Snakeskin chaps,1,NA,NA
6322,Snakeskin body,1,NA,NA
6328,Snakeskin boots,1,NA,NA
9666,Proselyte harness m,1,NA,NA
10448,Guthix cloak,1,NA,NA
10444,Zamorak crozier,1,NA,NA
10117,Polar kebbit fur,1,NA,NA
10446,Saradomin cloak,1,NA,NA
10115,Dark kebbit fur,1,NA,NA
10440,Saradomin crozier,1,NA,NA
10113,Kebbit claws,1,NA,NA
10442,Guthix crozier,1,NA,NA
9668,Initiate harness m,1,NA,NA
7138,Pirate leggings,1,NA,NA
7130,Pirate bandana,1,NA,NA
7132,Pirate leggings,1,NA,NA
7134,Stripy pirate shirt,1,NA,NA
7136,Pirate bandana,1,NA,NA
1658,Emerald necklace,0,NA,NA
1656,Sapphire necklace,0,NA,NA
1654,Gold necklace,0,NA,NA
411,Oyster pearl,1,NA,NA
581,Black robe,0,NA,NA
3391,Splitbark gauntlets,1,NA,NA
5406,Strawberries(5),1,NA,NA
3393,Splitbark boots,1,NA,NA
1432,Rune mace,0,NA,NA
1430,Adamant mace,0,NA,NA
3398,Phrin remains,1,NA,NA
1438,Air talisman,0,NA,NA
1885,Ugthanki kebab,1,NA,NA
5543,Chaos tiara,1,NA,NA
5541,Nature tiara,1,NA,NA
5547,Death tiara,1,NA,NA
1881,Kebab mix,1,NA,NA
8598,Oak shaving stand,1,NA,NA
8596,Shaving stand,1,NA,NA
8594,Gilded clock,1,NA,NA
8592,Teak clock,1,NA,NA
8590,Oak clock,1,NA,NA
11238,Baby impling jar,1,NA,NA
5897,Moonlight mead(m4),1,NA,NA
11230,Dragon dart,1,NA,NA
11232,Dragon dart tip,1,NA,NA
11233,Dragon dart(p+),1,NA,NA
11234,Dragon dart(p++),1,NA,NA
11235,Dark bow,1,NA,NA
11237,Dragon arrowtips,1,NA,NA
2128,Equa leaves,1,NA,NA
4914,Guthan's warspear 0,1,NA,NA
13576,Dragon warhammer,1,NA,NA
4860,Ahrim's hood 0,1,NA,NA
321,Raw anchovies,0,NA,NA
327,Raw sardine,0,NA,NA
325,Sardine,0,NA,NA
329,Salmon,0,NA,NA
12769,Frozen whip mix,1,NA,NA
6139,Skeletal top,1,NA,NA
12763,White dark bow paint,1,NA,NA
6133,Spined body,1,NA,NA
6130,Rock-shell legs,1,NA,NA
6131,Spined helm,1,NA,NA
6137,Skeletal helm,1,NA,NA
6135,Spined chaps,1,NA,NA
9472,Gnome goggles,1,NA,NA
9470,Gnome scarf,1,NA,NA
9475,Mint cake,1,NA,NA
2241,Premade s'y crunch,1,NA,NA
2243,Premade t'd crunch,1,NA,NA
3400,Riyl remains,1,NA,NA
3402,Asyn remains,1,NA,NA
3404,Fiyr remains,1,NA,NA
3406,Unfinished potion,1,NA,NA
3408,Serum 207 (4),1,NA,NA
4872,Ahrim's robetop 0,1,NA,NA
4878,Ahrim's robeskirt 0,1,NA,NA
13149,Holy book page set,1,NA,NA
5692,Mithril dagger(p++),1,NA,NA
5690,Steel dagger(p++),1,NA,NA
8786,Marble block,1,NA,NA
12968,Bronze gold-trimmed set (lg),0,NA,NA
12964,Bronze trimmed set (lg),0,NA,NA
12966,Bronze trimmed set (sk),0,NA,NA
12960,Bronze set (lg),0,NA,NA
12962,Bronze set (sk),0,NA,NA
1353,Steel axe,0,NA,NA
464,Strange fruit,1,NA,NA
1351,Bronze axe,0,NA,NA
1355,Mithril axe,0,NA,NA
6959,Pink cape,1,NA,NA
10288,Rune helm (h2),0,NA,NA
3183,Monkey bones,0,NA,NA
3188,Cleaning cloth,1,NA,NA
11396,Steel hasta(p+),1,NA,NA
11393,Steel hasta(p),1,NA,NA
11391,Iron hasta(p++),1,NA,NA
4012,Monkey nuts,1,NA,NA
4016,Banana stew,1,NA,NA
4014,Monkey bar,1,NA,NA
288,Goblin mail,0,NA,NA
2476,Black flowers,1,NA,NA
2474,White flowers,1,NA,NA
2472,Mixed flowers,1,NA,NA
2470,Orange flowers,1,NA,NA
6305,Skewer stick,1,NA,NA
6306,Trading sticks,1,NA,NA
10134,Rabbit foot,1,NA,NA
10136,Rainbow fish,1,NA,NA
10132,Strung rabbit foot,1,NA,NA
10138,Raw rainbow fish,1,NA,NA
10428,Blue elegant blouse,1,NA,NA
10422,White elegant skirt,1,NA,NA
9644,Citizen shoes,1,NA,NA
10426,Red elegant skirt,1,NA,NA
9640,Citizen top,1,NA,NA
10424,Red elegant blouse,1,NA,NA
9642,Citizen trousers,1,NA,NA
2906,Red robe top,1,NA,NA
3216,Barrel,1,NA,NA
1982,Tomato,0,NA,NA
3211,Limestone,1,NA,NA
1980,Empty cup,1,NA,NA
1639,Emerald ring,0,NA,NA
2904,Red boots,1,NA,NA
1989,Half full wine jug,0,NA,NA
560,Death rune,0,NA,NA
561,Nature rune,0,NA,NA
562,Chaos rune,0,NA,NA
563,Law rune,0,NA,NA
566,Soul rune,1,NA,NA
567,Unpowered orb,1,NA,NA
3379,Raw slimy eel,1,NA,NA
1189,Bronze kiteshield,0,NA,NA
3373,Fat snail meat,1,NA,NA
3371,Lean snail meat,1,NA,NA
12411,Mos le'harmless teleport,1,NA,NA
12410,Elf camp teleport,1,NA,NA
12412,Pirate hat & patch,1,NA,NA
5521,Binding necklace,1,NA,NA
5523,Tiara mould,0,NA,NA
5525,Tiara,0,NA,NA
5527,Air tiara,0,NA,NA
5529,Mind tiara,0,NA,NA
48,Longbow (u),1,NA,NA
46,Pearl bolt tips,1,NA,NA
47,Barb bolttips,1,NA,NA
44,Rune arrowtips,1,NA,NA
45,Opal bolt tips,1,NA,NA
42,Mithril arrowtips,1,NA,NA
43,Adamant arrowtips,1,NA,NA
40,Iron arrowtips,1,NA,NA
41,Steel arrowtips,1,NA,NA
12447,Black skirt (t),0,NA,NA
19490,Dragon javelin(p++),1,NA,NA
12437,3rd age cloak,1,NA,NA
19496,Uncut zenyte,1,NA,NA
345,Raw herring,0,NA,NA
347,Herring,0,NA,NA
341,Raw cod,1,NA,NA
349,Raw pike,0,NA,NA
12701,Super combat potion(1),1,NA,NA
6151,Rock-shell gloves,1,NA,NA
6153,Skeletal gloves,1,NA,NA
6155,Dagannoth hide,1,NA,NA
6157,Rock-shell chunk,1,NA,NA
6159,Rock-shell shard,1,NA,NA
13457,Ensouled minotaur head,1,NA,NA
13454,Ensouled imp head,1,NA,NA
4832,Raurg bones,1,NA,NA
4834,Ourg bones,1,NA,NA
6585,Amulet of fury,1,NA,NA
9438,Crossbow string,1,NA,NA
9434,Bolt mould,1,NA,NA
4812,Zogre bones,1,NA,NA
2040,Premade wiz blz'd,1,NA,NA
4819,Bronze nails,1,NA,NA
2048,Pineapple punch,1,NA,NA
11088,Inoculation bracelet,1,NA,NA
9416,Mith grapple tip,1,NA,NA
9418,Mith grapple,1,NA,NA
9419,Mith grapple,1,NA,NA
11940,Dark fishing bait,1,NA,NA
11072,Sapphire bracelet,1,NA,NA
10091,Orange feather,1,NA,NA
10090,Yellow feather,1,NA,NA
10097,Tatty graahk fur,1,NA,NA
10095,Larupia fur,1,NA,NA
10099,Graahk fur,1,NA,NA
7078,Scrambled egg,1,NA,NA
7074,Chopped garlic,1,NA,NA
7076,Uncooked egg,1,NA,NA
7070,Minced meat,1,NA,NA
7072,Spicy sauce,1,NA,NA
12994,Black trimmed set (sk),0,NA,NA
6977,Sandstone (10kg),1,NA,NA
6975,Sandstone (5kg),1,NA,NA
6973,Sandstone (2kg),1,NA,NA
6971,Sandstone (1kg),1,NA,NA
12498,Bandos bracers,1,NA,NA
6979,Granite (500g),1,NA,NA
11074,Bracelet of clay,1,NA,NA
4389,Team-38 cape,0,NA,NA
4383,Team-35 cape,0,NA,NA
4381,Team-34 cape,0,NA,NA
4387,Team-37 cape,0,NA,NA
4385,Team-36 cape,0,NA,NA
407,Oyster,1,NA,NA
405,Casket,1,NA,NA
1375,Bronze battleaxe,0,NA,NA
1377,Dragon battleaxe,1,NA,NA
1379,Staff,0,NA,NA
11379,Bronze hasta(p),1,NA,NA
11375,Adamant hasta,1,NA,NA
11377,Rune hasta,1,NA,NA
11373,Mithril hasta,1,NA,NA
2458,Antifire potion(1),1,NA,NA
2454,Antifire potion(3),1,NA,NA
2456,Antifire potion(2),1,NA,NA
2450,Zamorak brew(4),1,NA,NA
2452,Antifire potion(4),1,NA,NA
6369,Villager armband,1,NA,NA
6363,Villager robe,1,NA,NA
652,Cream robe bottoms,1,NA,NA
6361,Tribal top,1,NA,NA
6367,Villager sandals,1,NA,NA
6365,Villager hat,1,NA,NA
9337,Sapphire bolts,1,NA,NA
9336,Topaz bolts,1,NA,NA
10156,Hunters' crossbow,1,NA,NA
650,Blue robe bottoms,1,NA,NA
10406,Red elegant legs,1,NA,NA
10408,Blue elegant shirt,1,NA,NA
10158,Kebbit bolts,1,NA,NA
10159,Long kebbit bolts,1,NA,NA
9339,Ruby bolts,1,NA,NA
9338,Emerald bolts,1,NA,NA
9629,Tyras helm,1,NA,NA
9291,Runite bolts (p),1,NA,NA
9297,Adamant bolts(p+),1,NA,NA
9294,Iron bolts(p+),1,NA,NA
9295,Steel bolts(p+),1,NA,NA
1975,Chocolate dust,0,NA,NA
1605,Emerald,0,NA,NA
1971,Kebab,0,NA,NA
1969,Spinach roll,0,NA,NA
1619,Uncut ruby,0,NA,NA
1617,Uncut diamond,0,NA,NA
3239,Bark,1,NA,NA
1961,Easter egg,0,NA,NA
1963,Banana,0,NA,NA
13265,Abyssal dagger,1,NA,NA
13267,Abyssal dagger (p),1,NA,NA
13263,Abyssal bludgeon,1,NA,NA
13269,Abyssal dagger (p+),1,NA,NA
2876,Raw chompy,1,NA,NA
2878,Cooked chompy,1,NA,NA
3355,Blamish myre shell,1,NA,NA
3357,Blamish red shell,1,NA,NA
3351,Blamish blue shell,1,NA,NA
3353,Blamish bark shell,1,NA,NA
3359,Blamish ochre shell,1,NA,NA
11118,Combat bracelet(4),1,NA,NA
5504,Strawberry,1,NA,NA
5502,Palm sapling,1,NA,NA
5503,Calquat sapling,1,NA,NA
5500,Pineapple sapling,1,NA,NA
5501,Papaya sapling,1,NA,NA
542,Monk's robe,0,NA,NA
540,Druid's robe top,1,NA,NA
546,Shade robe top,0,NA,NA
544,Monk's robe top,0,NA,NA
548,Shade robe,0,NA,NA
6568,Obsidian cape,1,NA,NA
6563,Mystic mud staff,1,NA,NA
6562,Mud battlestaff,1,NA,NA
3827,Saradomin page 1,1,NA,NA
5001,Raw cave eel,1,NA,NA
3829,Saradomin page 3,1,NA,NA
3828,Saradomin page 2,1,NA,NA
8445,Fancy hedge,1,NA,NA
8447,Tall fancy hedge,1,NA,NA
8441,Small box hedge,1,NA,NA
8443,Topiary hedge,1,NA,NA
8449,Tall box hedge,1,NA,NA
365,Bass,1,NA,NA
363,Raw bass,1,NA,NA
361,Tuna,0,NA,NA
19604,Unstrung light ballista,1,NA,NA
19607,Unstrung heavy ballista,1,NA,NA
19601,Ballista spring,1,NA,NA
6173,Stretched hide,1,NA,NA
6171,Flattened hide,1,NA,NA
10981,Cave goblin wire,1,NA,NA
2203,Rock-climbing boots,1,NA,NA
2205,Worm crunchies,1,NA,NA
2209,Chocchip crunchies,1,NA,NA
4529,Candle lantern,1,NA,NA
4527,Empty candle lantern,1,NA,NA
4830,Fayrg bones,1,NA,NA
4525,Empty oil lamp,1,NA,NA
4522,Oil lamp,1,NA,NA
9436,Sinew,1,NA,NA
9431,Runite limbs,1,NA,NA
5298,Avantoe seed,1,NA,NA
5299,Kwuarm seed,1,NA,NA
5296,Toadflax seed,1,NA,NA
5297,Irit seed,1,NA,NA
5294,Harralander seed,1,NA,NA
5295,Ranarr seed,1,NA,NA
5292,Marrentill seed,1,NA,NA
5293,Tarromin seed,1,NA,NA
5290,Calquat tree seed,1,NA,NA
5291,Guam seed,1,NA,NA
12616,Bandos page 4,1,NA,NA
12614,Bandos page 2,1,NA,NA
9292,Silver bolts (p),1,NA,NA
7336,Rune shield (h1),0,NA,NA
9290,Adamant bolts (p),1,NA,NA
7334,Adamant shield (h1),0,NA,NA
9296,Mithril bolts(p+),1,NA,NA
7332,Black shield (h1),0,NA,NA
7331,Blue firelighter,1,NA,NA
7330,Green firelighter,1,NA,NA
9298,Runite bolts(p+),1,NA,NA
9299,Silver bolts(p+),1,NA,NA
7338,Black shield (h2),0,NA,NA
11964,Amulet of glory (t6),1,NA,NA
11960,Extended antifire mix(2),1,NA,NA
11962,Extended antifire mix(1),1,NA,NA
11968,Skills necklace(6),1,NA,NA
12922,Tanzanite fang,1,NA,NA
12924,Toxic blowpipe (empty),1,NA,NA
12927,Serpentine visage,1,NA,NA
12929,Serpentine helm (uncharged),1,NA,NA
7058,Mushroom potato,1,NA,NA
7051,Unlit bug lantern,1,NA,NA
7056,Egg potato,1,NA,NA
7054,Chilli potato,1,NA,NA
9026,Ivory comb,1,NA,NA
2998,Toadflax,1,NA,NA
58,Willow longbow (u),1,NA,NA
54,Oak shortbow (u),1,NA,NA
56,Oak longbow (u),1,NA,NA
50,Shortbow (u),1,NA,NA
53,Headless arrow,1,NA,NA
52,Arrow shaft,1,NA,NA
9998,Hunter potion(4),1,NA,NA
2997,Pirate's hook,1,NA,NA
9994,Spicy tomato,1,NA,NA
9996,Spicy minced meat,1,NA,NA
11037,Brine sabre,1,NA,NA
428,Priest gown,0,NA,NA
1399,Earth battlestaff,1,NA,NA
19550,Ring of suffering,1,NA,NA
1397,Air battlestaff,1,NA,NA
1395,Water battlestaff,1,NA,NA
1393,Fire battlestaff,1,NA,NA
1391,Battlestaff,1,NA,NA
426,Priest gown,0,NA,NA
855,Yew longbow,1,NA,NA
857,Yew shortbow,1,NA,NA
851,Maple longbow,0,NA,NA
853,Maple shortbow,0,NA,NA
6693,Crushed nest,1,NA,NA
6691,Saradomin brew(1),1,NA,NA
6697,Pat of butter,1,NA,NA
2438,Fishing potion(4),1,NA,NA
2432,Defence potion(4),1,NA,NA
2430,Restore potion(4),1,NA,NA
2436,Super attack(4),1,NA,NA
2434,Prayer potion(4),1,NA,NA
6341,Tribal top,1,NA,NA
6343,Villager robe,1,NA,NA
6345,Villager hat,1,NA,NA
6347,Villager armband,1,NA,NA
6349,Villager sandals,1,NA,NA
3787,Fremennik pink cloak,1,NA,NA
3789,Fremennik black cloak,1,NA,NA
4992,Verac's brassard 0,1,NA,NA
4998,Verac's plateskirt 0,1,NA,NA
1949,Chef's hat,0,NA,NA
1942,Potato,0,NA,NA
1941,Swamp paste,1,NA,NA
1947,Grain,0,NA,NA
1944,Egg,0,NA,NA
12865,Green dragonhide set,0,NA,NA
13245,Jar of souls,1,NA,NA
2859,Wolf bones,1,NA,NA
3339,Blood'n'tar snelm,1,NA,NA
526,Bones,0,NA,NA
528,Burnt bones,0,NA,NA
1237,Bronze spear,1,NA,NA
1231,Dragon dagger(p),1,NA,NA
1233,Black dagger(p),1,NA,NA
1239,Iron spear,1,NA,NA
2489,Red d'hide vamb,1,NA,NA
2487,Blue d'hide vamb,1,NA,NA
4902,Dharok's platelegs 0,1,NA,NA
3801,Keg of beer,1,NA,NA
3803,Beer tankard,1,NA,NA
2483,Lantadyme potion (unf),1,NA,NA
8461,Bagged roses,1,NA,NA
4827,Comp ogre bow,1,NA,NA
19629,Barrows teleport,1,NA,NA
19623,West ardougne teleport,1,NA,NA
19621,Fenkenstrain's castle teleport,1,NA,NA
19627,Cemetery teleport,1,NA,NA
19625,Harmony island teleport,1,NA,NA
4170,Slayer's staff,1,NA,NA
10059,Jungle camo legs,1,NA,NA
2229,Premade choc bomb,1,NA,NA
2227,Premade veg batta,1,NA,NA
2225,Premade fr't batta,1,NA,NA
2223,Premade c+t batta,1,NA,NA
2221,Premade t'd batta,1,NA,NA
5921,Slayer respite(m4),1,NA,NA
5929,Cider(m4),1,NA,NA
10053,Wood camo top,1,NA,NA
2080,Short green guy,1,NA,NA
2084,Fruit blast,1,NA,NA
7319,Red boater,1,NA,NA
11902,Leaf-bladed sword,1,NA,NA
12301,Blue headband,1,NA,NA
11905,Trident of the seas (full),1,NA,NA
11908,Uncharged trident,1,NA,NA
12309,Pink boater,1,NA,NA
12909,Anti-venom(2),1,NA,NA
12907,Anti-venom(3),1,NA,NA
12905,Anti-venom(4),1,NA,NA
12902,Toxic staff (uncharged),1,NA,NA
12900,Uncharged toxic trident,1,NA,NA
1009,Brass necklace,0,NA,NA
1007,Red cape,0,NA,NA
1005,White apron,0,NA,NA
4349,Team-18 cape,0,NA,NA
4347,Team-17 cape,0,NA,NA
4345,Team-16 cape,0,NA,NA
4343,Team-15 cape,0,NA,NA
4341,Team-14 cape,0,NA,NA
8614,Oak wardrobe,1,NA,NA
8616,Teak drawers,1,NA,NA
8610,Shoe box,1,NA,NA
8612,Oak drawers,1,NA,NA
8618,Teak wardrobe,1,NA,NA
11330,Leaping salmon,1,NA,NA
11332,Leaping sturgeon,1,NA,NA
11335,Dragon full helm,1,NA,NA
11334,Fish offcuts,1,NA,NA
5718,Bronze spear(p++),1,NA,NA
5716,Dragon spear(p+),1,NA,NA
5714,Rune spear(p+),1,NA,NA
5712,Adamant spear(p+),1,NA,NA
5710,Mithril spear(p+),1,NA,NA
11489,Magic essence mix(2),1,NA,NA
11487,Super str. mix(1),1,NA,NA
11485,Super str. mix(2),1,NA,NA
11483,Super energy mix(1),1,NA,NA
11481,Super energy mix(2),1,NA,NA
10826,Fremennik shield,1,NA,NA
10824,Yak-hide armour,1,NA,NA
10822,Yak-hide armour,1,NA,NA
10820,Cured yak-hide,1,NA,NA
12470,Armadyl platebody,0,NA,NA
10828,Helm of neitiznot,1,NA,NA
2667,Saradomin kiteshield,0,NA,NA
2665,Saradomin full helm,0,NA,NA
12476,Armadyl full helm,0,NA,NA
2663,Saradomin platelegs,0,NA,NA
9379,Mithril bolts (unf),1,NA,NA
9378,Steel bolts (unf),1,NA,NA
2661,Saradomin platebody,0,NA,NA
9375,Bronze bolts (unf),1,NA,NA
9377,Iron bolts (unf),1,NA,NA
1823,Waterskin(4),1,NA,NA
4974,Torag's platelegs 0,1,NA,NA
1921,Bowl of water,0,NA,NA
1923,Bowl,0,NA,NA
1925,Bucket,0,NA,NA
1929,Bucket of water,0,NA,NA
13229,Pegasian crystal,1,NA,NA
13227,Eternal crystal,1,NA,NA
12403,Digsite teleport,1,NA,NA
12407,Pest control teleport,1,NA,NA
60,Willow shortbow (u),1,NA,NA
62,Maple longbow (u),1,NA,NA
64,Maple shortbow (u),1,NA,NA
66,Yew longbow (u),1,NA,NA
68,Yew shortbow (u),1,NA,NA
1985,Cheese,0,NA,NA
12405,Lunar isle teleport,1,NA,NA
630,Blue boots,1,NA,NA
1213,Rune dagger,0,NA,NA
632,Cream boots,1,NA,NA
1211,Adamant dagger,0,NA,NA
634,Turquoise boots,1,NA,NA
1217,Black dagger,0,NA,NA
636,Pink robe top,1,NA,NA
1215,Dragon dagger,1,NA,NA
638,Green robe top,1,NA,NA
1219,Iron dagger(p),1,NA,NA
6523,Toktz-xil-ak,1,NA,NA
6522,Toktz-xil-ul,1,NA,NA
6525,Toktz-xil-ek,1,NA,NA
6524,Toktz-ket-xil,1,NA,NA
6527,Tzhaar-ket-em,1,NA,NA
6526,Toktz-mej-tal,1,NA,NA
4153,Granite maul,1,NA,NA
4151,Abyssal whip,1,NA,NA
4156,Mirror shield,1,NA,NA
13460,Ensouled scorpion head,1,NA,NA
13466,Ensouled unicorn head,1,NA,NA
5905,Axeman's folly(m4),1,NA,NA
3488,Gilded kiteshield,0,NA,NA
3481,Gilded platebody,0,NA,NA
3480,Guthix plateskirt,0,NA,NA
3483,Gilded platelegs,0,NA,NA
3485,Gilded plateskirt,0,NA,NA
3486,Gilded full helm,0,NA,NA
6061,Bronze bolts(p+),1,NA,NA
6062,Bronze bolts(p++),1,NA,NA
2605,Adamant full helm (t),0,NA,NA
2607,Adamant platebody (g),0,NA,NA
2601,Adamant platelegs (t),0,NA,NA
2603,Adamant kiteshield (t),0,NA,NA
2609,Adamant platelegs (g),0,NA,NA
10039,Kyatt hat,1,NA,NA
10035,Kyatt legs,1,NA,NA
10034,Red chinchompa,1,NA,NA
10037,Kyatt top,1,NA,NA
10031,Rabbit snare,1,NA,NA
10033,Chinchompa,1,NA,NA
7378,Green d'hide chaps (g),0,NA,NA
7372,Green d'hide body (t),0,NA,NA
7370,Green d'hide body (g),0,NA,NA
7376,Blue d'hide body (t),1,NA,NA
7374,Blue d'hide body (g),1,NA,NA
11928,Odium shard 1,1,NA,NA
11929,Odium shard 2,1,NA,NA
12321,White cavalier,1,NA,NA
12327,Red d'hide body (g),1,NA,NA
12325,Navy cavalier,1,NA,NA
11920,Dragon pickaxe,1,NA,NA
11924,Malediction ward,1,NA,NA
11926,Odium ward,1,NA,NA
9032,Pottery scarab,1,NA,NA
9030,Stone scarab,1,NA,NA
9036,Pottery statuette,1,NA,NA
9034,Golden statuette,1,NA,NA
9038,Stone statuette,1,NA,NA
753,Cadava berries,0,NA,NA
751,Gnomeball,1,NA,NA
3783,Fremennik teal cloak,1,NA,NA
3781,Fremennik yellow cloak,1,NA,NA
2955,Moonlight mead,1,NA,NA
1025,Eye patch,1,NA,NA
5345,Gardening boots,1,NA,NA
1027,Green cape,0,NA,NA
5341,Rake,1,NA,NA
1023,Yellow cape,0,NA,NA
5343,Seed dibber,1,NA,NA
3785,Fremennik purple cloak,1,NA,NA
1029,Purple cape,0,NA,NA
4365,Team-26 cape,0,NA,NA
4367,Team-27 cape,0,NA,NA
4361,Team-24 cape,0,NA,NA
4363,Team-25 cape,0,NA,NA
4369,Team-28 cape,0,NA,NA
11079,Castle wars bracelet(3),1,NA,NA
3105,Climbing boots,1,NA,NA
3107,Spiked boots,1,NA,NA
3100,Adamant claws,1,NA,NA
3101,Rune claws,1,NA,NA
4093,Mystic robe bottom,1,NA,NA
4091,Mystic robe top,1,NA,NA
4097,Mystic boots,1,NA,NA
4095,Mystic gloves,1,NA,NA
4099,Mystic hat (dark),1,NA,NA
5734,Black spear(p+),1,NA,NA
5736,Black spear(p++),1,NA,NA
5730,Dragon spear(p++),1,NA,NA
5739,Asgarnian ale(m),1,NA,NA
12528,Dark infinity colour kit,1,NA,NA
10808,Arctic pyre logs,1,NA,NA
6384,Desert top,1,NA,NA
6386,Desert robes,1,NA,NA
6382,Fez,1,NA,NA
6388,Desert top,1,NA,NA
9289,Mithril bolts (p),1,NA,NA
9288,Steel bolts (p),1,NA,NA
2169,Gnome spice,1,NA,NA
4950,Karil's leatherskirt 0,1,NA,NA
2166,Gnomebowl mould,1,NA,NA
4956,Torag's helm 0,1,NA,NA
2162,King worm,1,NA,NA
1909,Greenman's ale,1,NA,NA
1907,Wizard's mind bomb,0,NA,NA
1905,Asgarnian ale,0,NA,NA
12817,Elysian spirit shield,1,NA,NA
12540,Deerstalker,1,NA,NA
6891,Arena book,1,NA,NA
10308,Black helm (h2),0,NA,NA
1279,Iron sword,0,NA,NA
1271,Adamant pickaxe,0,NA,NA
1273,Mithril pickaxe,0,NA,NA
1275,Rune pickaxe,0,NA,NA
1277,Bronze sword,0,NA,NA
3333,Bruise blue snelm,1,NA,NA
3331,Ochre snelm,1,NA,NA
3337,Myre snelm,1,NA,NA
8427,Bagged yew tree,1,NA,NA
8425,Bagged maple tree,1,NA,NA
3335,Broken bark snelm,1,NA,NA
8421,Bagged oak tree,1,NA,NA
8429,Bagged magic tree,1,NA,NA
5038,Trousers,1,NA,NA
10304,Adamant helm (h5),0,NA,NA
10300,Adamant helm (h3),0,NA,NA
4131,Rune boots,1,NA,NA
5696,Rune dagger(p++),1,NA,NA
5698,Dragon dagger(p++),1,NA,NA
5968,Tomatoes(5),1,NA,NA
19669,Redwood logs,1,NA,NA
19662,Botanical pie,1,NA,NA
4548,Bullseye lantern,1,NA,NA
4540,Oil lantern frame,1,NA,NA
4542,Lantern lens,1,NA,NA
4544,Bullseye lantern (unf),1,NA,NA
4546,Bullseye lantern (empty),1,NA,NA
2595,Black full helm (g),0,NA,NA
2597,Black kiteshield (g),0,NA,NA
2591,Black platebody (g),0,NA,NA
2593,Black platelegs (g),0,NA,NA
2599,Adamant platebody (t),0,NA,NA
6043,Oak roots,1,NA,NA
6047,Maple roots,1,NA,NA
6045,Willow roots,1,NA,NA
6049,Yew roots,1,NA,NA
8600,Oak dresser,1,NA,NA
2623,Rune platebody (t),0,NA,NA
2621,Rune kiteshield (g),0,NA,NA
2627,Rune full helm (t),0,NA,NA
2625,Rune platelegs (t),0,NA,NA
8606,Mahogany dresser,1,NA,NA
2629,Rune kiteshield (t),0,NA,NA
7350,Black shield (h4),0,NA,NA
7352,Adamant shield (h4),0,NA,NA
9238,Pearl bolts (e),1,NA,NA
7354,Rune shield (h4),0,NA,NA
7356,Black shield (h5),0,NA,NA
7358,Adamant shield (h5),0,NA,NA
9236,Opal bolts (e),1,NA,NA
10016,Snowy knight,1,NA,NA
10014,Black warlock,1,NA,NA
12349,Gold elegant legs,1,NA,NA
12341,Pink elegant skirt,1,NA,NA
12343,Gold elegant blouse,1,NA,NA
12345,Gold elegant skirt,1,NA,NA
12347,Gold elegant shirt,1,NA,NA
9050,Pharaoh's sceptre,1,NA,NA
9052,Locust meat,1,NA,NA
72,Magic shortbow (u),1,NA,NA
70,Magic longbow (u),1,NA,NA
2972,Mort myre stem,1,NA,NA
2970,Mort myre fungus,1,NA,NA
2976,Sickle mould,1,NA,NA
2974,Mort myre pear,1,NA,NA
1040,Yellow partyhat,0,NA,NA
1046,Purple partyhat,0,NA,NA
1044,Green partyhat,0,NA,NA
1048,White partyhat,0,NA,NA
4302,Ham hood,1,NA,NA
4300,Ham robe,1,NA,NA
4306,Ham logo,1,NA,NA
4304,Ham cloak,1,NA,NA
4308,Ham gloves,1,NA,NA
3122,Granite shield,1,NA,NA
3123,Shaikahan bones,1,NA,NA
3125,Jogre bones,1,NA,NA
5753,Axeman's folly(m),1,NA,NA
5751,Axeman's folly,1,NA,NA
5757,Chef's delight(m),1,NA,NA
5755,Chef's delight,1,NA,NA
5759,Slayer's respite,1,NA,NA
864,Bronze knife,1,NA,NA
3442,Willow pyre logs,1,NA,NA
12502,Bandos chaps,1,NA,NA
12500,Bandos d'hide,1,NA,NA
12506,Armadyl bracers,1,NA,NA
12508,Armadyl d'hide,1,NA,NA
7435,Egg whisk,1,NA,NA
7437,Spork,1,NA,NA
7433,Wooden spoon,1,NA,NA
7439,Spatula,1,NA,NA
2323,Apple pie,0,NA,NA
2327,Meat pie,0,NA,NA
2325,Redberry pie,0,NA,NA
19501,Zenyte amulet (u),1,NA,NA
1615,Dragonstone,1,NA,NA
2368,Shield right half,1,NA,NA
2366,Shield left half,1,NA,NA
2363,Runite bar,0,NA,NA
2361,Adamantite bar,0,NA,NA
1861,Ugthanki meat,1,NA,NA
1865,Pitta bread,1,NA,NA
4687,Bucket of sap,1,NA,NA
4684,Linen,1,NA,NA
4938,Karil's crossbow 0,1,NA,NA
4689,Pile of salt,1,NA,NA
2108,Orange,1,NA,NA
2102,Lemon,1,NA,NA
2106,Lemon slices,1,NA,NA
2104,Lemon chunks,1,NA,NA
1716,Unblessed symbol,0,NA,NA
890,Adamant arrow,0,NA,NA
891,Adamant arrow(p),1,NA,NA
892,Rune arrow,1,NA,NA
893,Rune arrow(p),1,NA,NA
1789,Unfired pie dish,0,NA,NA
1781,Soda ash,1,NA,NA
1783,Bucket of sand,1,NA,NA
1785,Glassblowing pipe,1,NA,NA
1787,Unfired pot,0,NA,NA
11876,Unfinished broad bolts,1,NA,NA
9179,Steel crossbow,1,NA,NA
9850,Teak toy box,1,NA,NA
9851,Mahogany toy box,1,NA,NA
9852,Oak magic wardrobe,1,NA,NA
9853,Carved oak magic wardrobe,1,NA,NA
9854,Teak magic wardrobe,1,NA,NA
9855,Carved teak magic wardrobe,1,NA,NA
9856,Mahogany magic wardrobe,1,NA,NA
9857,Gilded magic wardrobe,1,NA,NA
9858,Marble magic wardrobe,1,NA,NA
9859,Oak armour case,1,NA,NA
1253,Iron spear(p),1,NA,NA
1251,Bronze spear(p),1,NA,NA
1259,Adamant spear(p),1,NA,NA
4117,Mystic boots (light),1,NA,NA
4115,Mystic gloves (light),1,NA,NA
4113,Mystic robe bottom (light),1,NA,NA
4111,Mystic robe top (light),1,NA,NA
4119,Bronze boots,1,NA,NA
1055,Blue halloween mask,0,NA,NA
5947,Antidote+(2),1,NA,NA
5945,Antidote+(3),1,NA,NA
5943,Antidote+(4),1,NA,NA
5940,Weapon poison(++),1,NA,NA
11509,Ranging mix(2),1,NA,NA
11507,Antifire mix(1),1,NA,NA
11505,Antifire mix(2),1,NA,NA
11503,Antidote+ mix(1),1,NA,NA
5949,Antidote+(1),1,NA,NA
10041,Larupia legs,1,NA,NA
10043,Larupia top,1,NA,NA
10045,Larupia hat,1,NA,NA
10047,Graahk legs,1,NA,NA
12620,Armadyl page 4,1,NA,NA
10071,Spottier cape,1,NA,NA
2649,Brown headband,1,NA,NA
10075,Gloves of silence,1,NA,NA
10077,Spiky vambraces,1,NA,NA
10079,Green spiky vambs,1,NA,NA
2641,Dark cavalier,1,NA,NA
2643,Black cavalier,1,NA,NA
2645,Red headband,1,NA,NA
2647,Black headband,1,NA,NA
12367,Steel dragon mask,1,NA,NA
12365,Iron dragon mask,1,NA,NA
12363,Bronze dragon mask,1,NA,NA
12361,Cat mask,1,NA,NA
12369,Mithril dragon mask,1,NA,NA
9075,Astral rune,1,NA,NA
10294,Rune helm (h5),0,NA,NA
10296,Adamant helm (h1),0,NA,NA
10290,Rune helm (h3),0,NA,NA
2910,Red hat,1,NA,NA
2912,Red gloves,0,NA,NA
2914,Yellow boots,1,NA,NA
2918,Yellow robe bottoms,1,NA,NA
10298,Adamant helm (h2),0,NA,NA
5308,Asgarnian seed,1,NA,NA
5309,Yanillian seed,1,NA,NA
5300,Snapdragon seed,1,NA,NA
5301,Cadantine seed,1,NA,NA
5302,Lantadyme seed,1,NA,NA
5303,Dwarf weed seed,1,NA,NA
5304,Torstol seed,1,NA,NA
5305,Barley seed,1,NA,NA
5306,Jute seed,1,NA,NA
5307,Hammerstone seed,1,NA,NA
13016,Adamant trimmed set (lg),0,NA,NA
13014,Adamant set (sk),0,NA,NA
13012,Adamant set (lg),0,NA,NA
13010,Mithril gold-trimmed set (sk),0,NA,NA
13018,Adamant trimmed set (sk),0,NA,NA
4329,Team-8 cape,0,NA,NA
4321,Team-4 cape,0,NA,NA
4323,Team-5 cape,0,NA,NA
4325,Team-6 cape,0,NA,NA
4327,Team-7 cape,0,NA,NA
3140,Dragon chainbody,1,NA,NA
3142,Raw karambwan,1,NA,NA
3144,Cooked karambwan,1,NA,NA
1359,Rune axe,0,NA,NA
5777,Dwarven stout(4),1,NA,NA
7416,Mole claw,1,NA,NA
7418,Mole skin,1,NA,NA
6613,White warhammer,1,NA,NA
12623,Ancient page 3,1,NA,NA
6611,White scimitar,1,NA,NA
12621,Ancient page 1,1,NA,NA
6617,White platebody,1,NA,NA
12627,Stamina potion(3),1,NA,NA
6615,White chainbody,1,NA,NA
12625,Stamina potion(4),1,NA,NA
6619,White boots,1,NA,NA
12629,Stamina potion(2),1,NA,NA
19529,Zenyte shard,1,NA,NA
10292,Rune helm (h4),0,NA,NA
12199,Ancient crozier,1,NA,NA
12193,Ancient robe top,1,NA,NA
12195,Ancient robe legs,1,NA,NA
12197,Ancient cloak,1,NA,NA
2347,Hammer,0,NA,NA
2341,Wrapped oomlie,1,NA,NA
2343,Cooked oomlie wrap,1,NA,NA
2349,Bronze bar,0,NA,NA
1887,Cake tin,0,NA,NA
2120,Lime,1,NA,NA
2122,Lime chunks,1,NA,NA
4668,Garlic powder,1,NA,NA
2124,Lime slices,1,NA,NA
2126,Dwellberries,1,NA,NA
133,Defence potion(3),1,NA,NA
131,Restore potion(1),1,NA,NA
137,Defence potion(1),1,NA,NA
135,Defence potion(2),1,NA,NA
139,Prayer potion(3),1,NA,NA
12439,Royal sceptre,1,NA,NA
9191,Ruby bolt tips,1,NA,NA
6583,Ring of stone,1,NA,NA
6581,Onyx amulet,1,NA,NA
6587,White claws,1,NA,NA
13475,Ensouled giant head,1,NA,NA
13472,Ensouled chaos druid head,1,NA,NA
13478,Ensouled ogre head,1,NA,NA
656,Pink hat,1,NA,NA
654,Turquoise robe bottoms,1,NA,NA
658,Green hat,1,NA,NA
11205,Shrunk ogleroot,1,NA,NA
11521,Zamorak mix(2),1,NA,NA
11523,Zamorak mix(1),1,NA,NA
6006,Barley,1,NA,NA
6004,Mushroom,1,NA,NA
6002,Wildblood hops,1,NA,NA
6000,Krandorian hops,1,NA,NA
6008,Barley malt,1,NA,NA
7394,Blue wizard hat (g),0,NA,NA
7396,Blue wizard hat (t),0,NA,NA
991,Muddy key,0,NA,NA
7390,Blue wizard robe (g),0,NA,NA
993,Sinister key,1,NA,NA
7392,Blue wizard robe (t),0,NA,NA
10057,Jungle camo top,1,NA,NA
10055,Wood camo legs,1,NA,NA
7399,Enchanted top,1,NA,NA
7398,Enchanted robe,1,NA,NA
10051,Graahk headdress,1,NA,NA
12389,Gilded scimitar,0,NA,NA
12385,Black d'hide body (t),1,NA,NA
12387,Black d'hide chaps (t),1,NA,NA
12381,Black d'hide body (g),1,NA,NA
12383,Black d'hide chaps (g),1,NA,NA
5098,Nasturtium seed,1,NA,NA
5099,Woad seed,1,NA,NA
5096,Marigold seed,1,NA,NA
5097,Rosemary seed,1,NA,NA
2669,Guthix platebody,0,NA,NA
2938,Purple robe bottoms,1,NA,NA
2936,Purple robe top,1,NA,NA
2934,Purple boots,1,NA,NA
2932,Teal gloves,0,NA,NA
2930,Teal hat,1,NA,NA
5324,Cabbage seed,1,NA,NA
5325,Gardening trowel,1,NA,NA
5322,Tomato seed,1,NA,NA
5323,Strawberry seed,1,NA,NA
5320,Sweetcorn seed,1,NA,NA
5321,Watermelon seed,1,NA,NA
5329,Secateurs,1,NA,NA
13038,Gilded armour set (sk),0,NA,NA
13034,Rune gold-trimmed set (sk),0,NA,NA
13036,Gilded armour set (lg),0,NA,NA
1743,Hard leather,0,NA,NA
13030,Rune trimmed set (sk),0,NA,NA
13032,Rune gold-trimmed set (lg),0,NA,NA
11095,Abyssal bracelet(5),1,NA,NA
11090,Phoenix necklace,1,NA,NA
11092,Diamond bracelet,1,NA,NA
3162,Sliced banana,0,NA,NA
2150,Swamp toad,1,NA,NA
8566,Carved oak bench,1,NA,NA
8564,Oak bench,1,NA,NA
8562,Wooden bench,1,NA,NA
8560,Opulent table,1,NA,NA
12819,Elysian sigil,1,NA,NA
8568,Teak dining bench,1,NA,NA
6631,White sq shield,1,NA,NA
12601,Ring of the gods,1,NA,NA
6633,White kiteshield,1,NA,NA
12603,Tyrannical ring,1,NA,NA
12605,Treasonous ring,1,NA,NA
19541,Zenyte amulet,1,NA,NA
19547,Necklace of anguish,1,NA,NA
19544,Tormented bracelet,1,NA,NA
2321,Uncooked berry pie,0,NA,NA
4708,Ahrim's hood,1,NA,NA
3761,Fremennik brown cloak,1,NA,NA
3763,Fremennik blue cloak,1,NA,NA
3765,Fremennik green cloak,1,NA,NA
3767,Fremennik brown shirt,1,NA,NA
3769,Fremennik grey shirt,1,NA,NA
2499,Blue d'hide body,1,NA,NA
1291,Bronze longsword,0,NA,NA
2491,Black d'hide vamb,1,NA,NA
2493,Blue d'hide chaps,1,NA,NA
2495,Red d'hide chaps,1,NA,NA
2497,Black d'hide chaps,1,NA,NA
115,Strength potion(3),0,NA,NA
117,Strength potion(2),0,NA,NA
111,Torstol potion (unf),1,NA,NA
113,Strength potion(4),0,NA,NA
119,Strength potion(1),0,NA,NA
12305,Pink headband,1,NA,NA
12307,Green headband,1,NA,NA
12303,Gold headband,1,NA,NA
8556,Carved teak table,1,NA,NA
8558,Mahogany table,1,NA,NA
11501,Antidote+ mix(2),1,NA,NA
8778,Oak plank,1,NA,NA
1749,Red dragonhide,1,NA,NA
1747,Black dragonhide,1,NA,NA
1741,Leather,0,NA,NA
10318,Bob's blue shirt,1,NA,NA
5496,Apple sapling,1,NA,NA
5497,Banana sapling,1,NA,NA
1299,Mithril longsword,0,NA,NA
1293,Iron longsword,0,NA,NA
1297,Black longsword,0,NA,NA
1295,Steel longsword,0,NA,NA
10316,Bob's red shirt,1,NA,NA
5638,Black dart(p++),1,NA,NA
5639,Mithril dart(p++),1,NA,NA
5634,Rune dart(p+),1,NA,NA
5635,Bronze dart(p++),1,NA,NA
5636,Iron dart(p++),1,NA,NA
5637,Steel dart(p++),1,NA,NA
5630,Steel dart(p+),1,NA,NA
5631,Black dart(p+),1,NA,NA
5632,Mithril dart(p+),1,NA,NA
5633,Adamant dart(p+),1,NA,NA
